Chromosome	Position	Ref	Alt	Tags	DNA	RNA	Value	P-Value	Element
1	109274652	G	-	3	2775	3405	0.21	0.38177	SORT1
1	109274652	G	A	139	52088	51621	-0.06	0.09654	SORT1
1	109274652	G	C	36	13596	16224	0.04	0.5344	SORT1
1	109274652	G	T	138	65748	74599	0.01	0.80914	SORT1
1	109274653	A	-	3	1270	1652	0.05	0.8218	SORT1
1	109274653	A	C	21	6324	8387	0.12	0.19281	SORT1
1	109274653	A	G	79	34533	28601	0.06	0.19349	SORT1
1	109274653	A	T	224	115555	119580	0.04	0.19556	SORT1
1	109274654	A	C	92	36175	43469	0.02	0.62682	SORT1
1	109274654	A	G	78	40186	55796	0.02	0.65456	SORT1
1	109274654	A	T	291	76458	92118	-0.01	0.61724	SORT1
1	109274655	C	A	241	47852	56585	-0.03	0.30327	SORT1
1	109274655	C	G	210	148873	152768	0.02	0.54817	SORT1
1	109274655	C	T	379	79550	88991	0.01	0.69315	SORT1
1	109274656	T	A	72	29776	29850	0.03	0.596	SORT1
1	109274656	T	C	156	60034	82203	-0.05	0.17566	SORT1
1	109274656	T	G	19	12075	15111	0.02	0.84602	SORT1
1	109274657	G	-	247	90421	103999	0	0.95623	SORT1
1	109274657	G	A	187	68273	103314	-0.02	0.50798	SORT1
1	109274657	G	C	57	20992	18675	-0.01	0.81292	SORT1
1	109274657	G	T	42	9271	9326	-0.16	0.01725	SORT1
1	109274658	G	A	84	23937	32575	0	0.95018	SORT1
1	109274658	G	C	15	6128	6461	-0.1	0.37388	SORT1
1	109274658	G	T	51	24739	22664	0.08	0.18345	SORT1
1	109274659	A	-	293	120329	145173	-0.07	0.00672	SORT1
1	109274659	A	C	17	9341	8923	-0.08	0.42712	SORT1
1	109274659	A	G	30	9850	9022	-0.02	0.78169	SORT1
1	109274659	A	T	166	60464	63918	-0.04	0.27284	SORT1
1	109274660	A	C	24	6699	11184	-0.08	0.36548	SORT1
1	109274660	A	G	54	33309	26001	-0.08	0.17367	SORT1
1	109274660	A	T	150	69761	71400	0.05	0.19971	SORT1
1	109274661	A	C	18	8733	13587	-0.16	0.12439	SORT1
1	109274661	A	G	57	21672	22731	-0.03	0.62476	SORT1
1	109274661	A	T	141	67656	65013	-0.09	0.00993	SORT1
1	109274662	A	C	6	1850	1800	-0.21	0.22815	SORT1
1	109274662	A	G	162	71119	79604	-0.01	0.68363	SORT1
1	109274662	A	T	118	63940	80697	-0.04	0.28629	SORT1
1	109274663	G	A	176	57267	80029	0.1	0.00313	SORT1
1	109274663	G	C	57	15858	20773	0.08	0.15492	SORT1
1	109274663	G	T	39	14247	19486	0.06	0.391	SORT1
1	109274664	C	-	202	69539	80621	-0.02	0.51391	SORT1
1	109274664	C	A	10	2985	7231	0.02	0.86455	SORT1
1	109274664	C	G	24	10082	6529	-0.04	0.6546	SORT1
1	109274664	C	T	390	156393	208976	0.02	0.3848	SORT1
1	109274665	C	A	21	15554	16049	0.08	0.42202	SORT1
1	109274665	C	G	6	4153	2619	-0.01	0.94324	SORT1
1	109274665	C	T	165	88180	96942	0.02	0.63366	SORT1
1	109274666	C	A	99	48726	48371	-0.04	0.40221	SORT1
1	109274666	C	G	6	1230	1698	0.01	0.93548	SORT1
1	109274666	C	T	195	69812	84894	0.01	0.82219	SORT1
1	109274667	T	A	30	13216	17634	-0.1	0.18722	SORT1
1	109274667	T	C	99	41288	50642	0.02	0.60889	SORT1
1	109274667	T	G	21	6887	7093	-0.27	0.00376	SORT1
1	109274668	G	A	195	87011	103029	-0.07	0.03302	SORT1
1	109274668	G	C	119	48316	45630	-0.03	0.39085	SORT1
1	109274668	G	T	21	5249	3370	0.06	0.51561	SORT1
1	109274669	T	A	33	9519	11142	0.06	0.41431	SORT1
1	109274669	T	C	66	27589	28908	0.02	0.6713	SORT1
1	109274670	C	-	75	31644	24597	-0.17	0.00071	SORT1
1	109274670	C	A	24	10694	13399	0.15	0.07994	SORT1
1	109274670	C	G	6	2391	1458	-0.2	0.25275	SORT1
1	109274670	C	T	138	52442	64056	0.02	0.57508	SORT1
1	109274671	C	A	114	48409	47622	-0.07	0.10436	SORT1
1	109274671	C	G	321	155212	188178	0.04	0.12668	SORT1
1	109274671	C	T	235	105659	113483	0.05	0.108	SORT1
1	109274672	G	-	33	9229	11716	0.12	0.09914	SORT1
1	109274672	G	A	250	88754	94811	-0.03	0.26816	SORT1
1	109274672	G	C	51	13489	14795	0.02	0.72784	SORT1
1	109274672	G	T	126	45786	55305	-0.01	0.83524	SORT1
1	109274673	G	A	359	153071	160280	-0.02	0.31102	SORT1
1	109274673	G	C	243	84098	92360	0.01	0.82429	SORT1
1	109274673	G	T	27	14118	12248	-0.04	0.64057	SORT1
1	109274674	T	A	133	59816	64126	0.08	0.02728	SORT1
1	109274674	T	C	305	102672	141020	-0.02	0.4584	SORT1
1	109274674	T	G	180	81846	99895	0.06	0.05324	SORT1
1	109274675	G	A	149	60877	65436	0.06	0.08153	SORT1
1	109274675	G	C	3	221	98	-0.55	0.02605	SORT1
1	109274675	G	T	24	13478	12297	0.11	0.23334	SORT1
1	109274676	A	C	15	3880	3905	0.03	0.76233	SORT1
1	109274676	A	G	246	105295	125602	0.02	0.39192	SORT1
1	109274676	A	T	80	28465	34554	0.16	0.00084	SORT1
1	109274677	G	-	198	78488	84061	0.02	0.45964	SORT1
1	109274677	G	A	239	112349	120004	-0.07	0.01312	SORT1
1	109274677	G	C	42	13919	16148	-0.08	0.24058	SORT1
1	109274677	G	T	114	51110	56386	-0.09	0.02593	SORT1
1	109274678	G	A	276	122838	130337	-0.05	0.04411	SORT1
1	109274678	G	C	27	15738	11985	-0.1	0.23871	SORT1
1	109274678	G	T	87	26664	32002	0.12	0.00898	SORT1
1	109274679	G	A	191	108372	124702	0.04	0.20651	SORT1
1	109274679	G	C	33	16646	19441	-0.01	0.86746	SORT1
1	109274679	G	T	159	70365	69662	-0.08	0.02604	SORT1
1	109274680	G	A	204	86647	93449	-0.04	0.21986	SORT1
1	109274680	G	C	45	20309	21713	-0.18	0.00467	SORT1
1	109274680	G	T	101	33675	34785	-0.15	0.00054	SORT1
1	109274681	G	A	340	106374	111465	0.05	0.03185	SORT1
1	109274681	G	C	99	31266	34212	-0.01	0.75541	SORT1
1	109274681	G	T	60	26598	27436	0.01	0.79753	SORT1
1	109274682	C	A	15	8777	10302	0.14	0.22555	SORT1
1	109274682	C	G	99	56664	67627	0.15	0.00054	SORT1
1	109274682	C	T	347	157029	178679	0.11	0	SORT1
1	109274683	A	C	41	6863	7721	0.1	0.16204	SORT1
1	109274683	A	G	334	143748	168059	0	0.90747	SORT1
1	109274683	A	T	200	102304	116872	-0.01	0.86915	SORT1
1	109274684	G	A	129	53292	58474	0.03	0.43257	SORT1
1	109274684	G	C	48	17296	24694	0.09	0.141	SORT1
1	109274684	G	T	84	34352	33571	-0.1	0.03212	SORT1
1	109274685	A	-	15	5921	9337	-0.05	0.64064	SORT1
1	109274685	A	C	36	14802	17209	-0.05	0.48247	SORT1
1	109274685	A	G	320	144665	149746	0.06	0.02244	SORT1
1	109274685	A	T	158	50300	55144	0.1	0.00521	SORT1
1	109274686	A	C	21	11976	15032	0.1	0.29536	SORT1
1	109274686	A	G	322	139218	151293	0.06	0.0216	SORT1
1	109274686	A	T	215	81654	91780	0	0.98473	SORT1
1	109274687	G	-	15	3114	3995	-0.04	0.69143	SORT1
1	109274687	G	A	174	72036	97772	0.16	0	SORT1
1	109274687	G	C	30	12567	14342	0.01	0.94904	SORT1
1	109274687	G	T	130	43399	52781	0.13	0.00045	SORT1
1	109274688	G	A	144	51629	49052	0.02	0.6169	SORT1
1	109274688	G	C	18	7436	7300	-0.02	0.86516	SORT1
1	109274688	G	T	36	11908	19246	-0.03	0.72099	SORT1
1	109274689	A	C	36	23016	22547	-0.03	0.66501	SORT1
1	109274689	A	G	331	127794	139355	0.06	0.01566	SORT1
1	109274689	A	T	108	57994	56148	0.04	0.31419	SORT1
1	109274690	C	A	27	14528	14925	0.06	0.44438	SORT1
1	109274690	C	G	102	48788	50504	0.04	0.41678	SORT1
1	109274690	C	T	304	140089	150793	0.03	0.29224	SORT1
1	109274691	T	A	170	75100	71411	0.05	0.15123	SORT1
1	109274691	T	C	241	95900	107593	-0.02	0.48395	SORT1
1	109274691	T	G	9	2071	1322	-0.29	0.04588	SORT1
1	109274692	C	A	36	9969	13530	0.01	0.87461	SORT1
1	109274692	C	G	12	6824	10565	0.03	0.83182	SORT1
1	109274692	C	T	246	113304	119025	0.05	0.08866	SORT1
1	109274693	A	C	30	12291	12694	-0.14	0.06848	SORT1
1	109274693	A	G	318	146612	158259	0.02	0.42268	SORT1
1	109274693	A	T	162	72629	81637	0.08	0.01561	SORT1
1	109274694	G	A	162	63229	85435	0.06	0.06453	SORT1
1	109274694	G	C	25	9244	7526	-0.16	0.06197	SORT1
1	109274694	G	T	51	20166	25145	0.08	0.20492	SORT1
1	109274695	C	A	75	25872	26788	-0.04	0.4457	SORT1
1	109274695	C	G	138	67617	76601	0.08	0.03475	SORT1
1	109274695	C	T	538	229590	242848	-0.01	0.60381	SORT1
1	109274696	G	A	321	148386	182359	0	0.88967	SORT1
1	109274696	G	C	72	20559	21943	0.09	0.08118	SORT1
1	109274696	G	T	36	14590	15421	0.05	0.4795	SORT1
1	109274697	C	-	288	98859	108331	-0.02	0.36734	SORT1
1	109274697	C	A	45	23979	21878	-0.07	0.28037	SORT1
1	109274697	C	G	27	5216	3667	-0.01	0.90344	SORT1
1	109274697	C	T	267	85335	102878	-0.01	0.77728	SORT1
1	109274698	C	A	87	40547	41270	-0.01	0.75972	SORT1
1	109274698	C	G	21	4772	5034	-0.05	0.63854	SORT1
1	109274698	C	T	156	53880	61547	0.1	0.00633	SORT1
1	109274699	C	A	106	37612	40855	-0.01	0.77771	SORT1
1	109274699	C	G	24	6687	9332	-0.17	0.05816	SORT1
1	109274699	C	T	171	60249	69559	0.01	0.85637	SORT1
1	109274700	C	A	123	48702	52851	0.01	0.82992	SORT1
1	109274700	C	G	18	14160	14546	-0.04	0.72088	SORT1
1	109274700	C	T	183	87191	86190	-0.01	0.69535	SORT1
1	109274701	T	A	163	62962	69484	0.08	0.02657	SORT1
1	109274701	T	C	310	133119	165498	0.01	0.74146	SORT1
1	109274701	T	G	36	14930	17562	-0.12	0.10054	SORT1
1	109274702	G	-	152	60434	78166	0.1	0.00634	SORT1
1	109274702	G	A	199	71585	67491	0.01	0.70137	SORT1
1	109274702	G	C	15	4090	7784	0.28	0.01111	SORT1
1	109274702	G	T	39	16071	23643	0.02	0.78587	SORT1
1	109274703	G	A	169	77229	82837	-0.01	0.74149	SORT1
1	109274703	G	C	36	11081	14248	0.08	0.28034	SORT1
1	109274703	G	T	57	21353	24706	0.02	0.74958	SORT1
1	109274704	A	C	12	15084	18416	0.05	0.67689	SORT1
1	109274704	A	G	358	160581	189933	0.03	0.24034	SORT1
1	109274704	A	T	178	73792	80774	-0.01	0.78532	SORT1
1	109274705	C	-	482	236156	256295	0	0.96028	SORT1
1	109274705	C	A	42	20070	16549	-0.1	0.13239	SORT1
1	109274705	C	G	41	25631	31302	-0.1	0.14818	SORT1
1	109274705	C	T	270	108120	121049	-0.07	0.00771	SORT1
1	109274706	C	A	103	50883	52221	0	0.98175	SORT1
1	109274706	C	G	33	19564	23908	-0.23	0.00234	SORT1
1	109274706	C	T	207	96647	103990	0	0.88485	SORT1
1	109274707	C	A	84	48258	61091	0.1	0.03983	SORT1
1	109274707	C	G	3	676	1004	-0.06	0.79521	SORT1
1	109274707	C	T	142	73571	79518	-0.01	0.74874	SORT1
1	109274708	C	A	96	60841	65002	0.11	0.01755	SORT1
1	109274708	C	G	3	3576	4001	-0.08	0.74645	SORT1
1	109274708	C	T	186	72879	81914	-0.02	0.59769	SORT1
1	109274709	C	A	63	23356	26882	0.09	0.10699	SORT1
1	109274709	C	G	30	18024	14518	0	0.96564	SORT1
1	109274709	C	T	234	102005	129214	0.03	0.3157	SORT1
1	109274710	A	-	117	53903	68090	0.04	0.3121	SORT1
1	109274710	A	C	36	14433	14767	-0.06	0.44633	SORT1
1	109274710	A	G	318	138430	149854	-0.02	0.3465	SORT1
1	109274710	A	T	205	70632	68852	-0.03	0.31324	SORT1
1	109274711	A	C	33	12112	13990	0.05	0.48645	SORT1
1	109274711	A	G	277	129653	142768	0.06	0.01745	SORT1
1	109274711	A	T	198	76487	91823	-0.02	0.61487	SORT1
1	109274712	A	C	27	16561	17843	-0.09	0.29968	SORT1
1	109274712	A	G	254	106233	124587	0.05	0.09018	SORT1
1	109274712	A	T	45	18495	16474	0	0.97075	SORT1
1	109274713	T	A	129	48401	44682	0.14	2e-04	SORT1
1	109274713	T	C	213	86167	117780	-0.03	0.28509	SORT1
1	109274713	T	G	21	17300	14471	0.01	0.8789	SORT1
1	109274714	G	A	325	133102	155318	0.04	0.11806	SORT1
1	109274714	G	C	60	31472	34939	0.02	0.77764	SORT1
1	109274714	G	T	24	9522	12237	0.05	0.54561	SORT1
1	109274715	C	A	108	47742	48403	-0.09	0.02316	SORT1
1	109274715	C	G	48	16597	15335	0.05	0.43388	SORT1
1	109274715	C	T	481	228716	292617	0.07	0.00017	SORT1
1	109274716	T	A	126	62808	62709	0	0.92354	SORT1
1	109274716	T	C	307	115464	121534	-0.02	0.42857	SORT1
1	109274716	T	G	21	13630	21605	-0.03	0.742	SORT1
1	109274717	G	A	514	199153	218064	0.05	0.01401	SORT1
1	109274717	G	C	102	45906	48648	0.03	0.44431	SORT1
1	109274717	G	T	39	12920	14011	-0.06	0.35901	SORT1
1	109274718	C	A	19	6740	6983	-0.18	0.06652	SORT1
1	109274718	C	G	67	39757	42123	0.08	0.14375	SORT1
1	109274718	C	T	432	161472	195541	0.05	0.01095	SORT1
1	109274719	A	C	15	5063	5300	0.01	0.90316	SORT1
1	109274719	A	G	354	138193	152882	0.02	0.51446	SORT1
1	109274719	A	T	80	27386	33649	0.08	0.08131	SORT1
1	109274720	T	A	132	59520	64510	-0.03	0.50484	SORT1
1	109274720	T	C	309	121288	144442	0.02	0.41071	SORT1
1	109274720	T	G	21	9388	15443	-0.17	0.07622	SORT1
1	109274721	G	A	206	81275	95463	0.08	0.0108	SORT1
1	109274721	G	C	33	9177	11865	0.03	0.69905	SORT1
1	109274721	G	T	15	7011	8057	-0.18	0.11642	SORT1
1	109274722	A	-	3	2382	1816	0.15	0.55099	SORT1
1	109274722	A	C	24	16484	14906	0.03	0.72476	SORT1
1	109274722	A	G	288	124699	134601	-0.1	0.00011	SORT1
1	109274722	A	T	138	57113	64972	0	0.89642	SORT1
1	109274723	A	C	45	14678	16090	-0.14	0.03518	SORT1
1	109274723	A	G	438	230443	235642	-0.02	0.28544	SORT1
1	109274723	A	T	173	63633	74284	0.03	0.40272	SORT1
1	109274724	C	A	24	6418	6706	0.22	0.01532	SORT1
1	109274724	C	G	153	61087	56383	0.06	0.09225	SORT1
1	109274724	C	T	311	132350	132200	-0.03	0.17954	SORT1
1	109274725	A	C	30	10164	7692	-0.1	0.18287	SORT1
1	109274725	A	G	321	118069	111506	0	0.85074	SORT1
1	109274725	A	T	189	64200	70512	-0.04	0.1823	SORT1
1	109274726	C	A	15	2175	2562	-0.04	0.71584	SORT1
1	109274726	C	G	72	27371	27969	-0.04	0.46817	SORT1
1	109274726	C	T	539	210662	222767	-0.02	0.19779	SORT1
1	109274727	A	C	9	7585	2646	-0.22	0.1222	SORT1
1	109274727	A	G	323	145358	170729	0.01	0.61731	SORT1
1	109274727	A	T	107	47716	59680	-0.02	0.71917	SORT1
1	109274728	T	-	351	157156	173504	0.03	0.25311	SORT1
1	109274728	T	A	175	84668	99090	0.02	0.48597	SORT1
1	109274728	T	C	285	98270	116678	0.06	0.03217	SORT1
1	109274728	T	G	21	11878	12987	-0.04	0.67453	SORT1
1	109274729	T	A	168	79301	90806	-0.01	0.84153	SORT1
1	109274729	T	C	338	138480	132783	-0.06	0.01815	SORT1
1	109274729	T	G	12	5624	6643	0	0.97064	SORT1
1	109274730	T	A	138	53054	78775	0.07	0.06502	SORT1
1	109274730	T	C	395	170272	183057	-0.01	0.71377	SORT1
1	109274730	T	G	24	7300	10002	0.44	0	SORT1
1	109274731	T	A	134	62631	63327	-0.05	0.22042	SORT1
1	109274731	T	C	293	123353	168915	-0.01	0.7953	SORT1
1	109274731	T	G	12	9153	9114	0	0.99532	SORT1
1	109274732	C	A	39	17207	18738	0.22	0.00116	SORT1
1	109274732	C	G	63	20514	20814	-0.1	0.06526	SORT1
1	109274732	C	T	209	83692	92471	0.03	0.28258	SORT1
1	109274733	A	C	30	15482	24464	0.13	0.0981	SORT1
1	109274733	A	G	345	139948	153842	-0.07	0.00445	SORT1
1	109274733	A	T	134	41516	48523	-0.1	0.00671	SORT1
1	109274734	G	-	208	83483	95923	0.07	0.02082	SORT1
1	109274734	G	A	291	113013	120217	-0.08	0.00213	SORT1
1	109274734	G	C	18	2147	2070	-0.37	0.00025	SORT1
1	109274734	G	T	111	37992	40991	-0.03	0.41263	SORT1
1	109274735	G	A	112	45643	37549	-0.04	0.32128	SORT1
1	109274735	G	C	12	3288	3662	0.02	0.90084	SORT1
1	109274735	G	T	66	19963	32004	0.1	0.05617	SORT1
1	109274736	G	A	103	42673	44635	0.09	0.04264	SORT1
1	109274736	G	C	24	19756	25334	-0.14	0.10899	SORT1
1	109274736	G	T	107	44238	51686	-0.05	0.25273	SORT1
1	109274737	G	A	132	61809	83310	0.05	0.20061	SORT1
1	109274737	G	C	12	6286	5170	0.28	0.02591	SORT1
1	109274737	G	T	51	22993	20131	-0.14	0.02587	SORT1
1	109274738	A	C	6	1019	1363	-0.27	0.11815	SORT1
1	109274738	A	G	334	141497	140937	0.02	0.32589	SORT1
1	109274738	A	T	69	24586	22036	-0.03	0.53798	SORT1
1	109274739	G	A	147	55560	55526	-0.05	0.1468	SORT1
1	109274739	G	C	76	29178	37345	0.05	0.27712	SORT1
1	109274739	G	T	39	19442	14572	-0.01	0.85859	SORT1
1	109274740	C	-	15	9587	13112	0.3	0.00705	SORT1
1	109274740	C	A	36	9876	12309	-0.05	0.49131	SORT1
1	109274740	C	G	24	7936	6421	-0.08	0.34045	SORT1
1	109274740	C	T	390	179155	199939	-0.01	0.51961	SORT1
1	109274741	C	A	133	51408	49087	0.01	0.82005	SORT1
1	109274741	C	G	24	8103	6967	-0.16	0.06587	SORT1
1	109274741	C	T	143	64116	71254	-0.04	0.28151	SORT1
1	109274742	T	A	168	65388	77093	-0.07	0.0263	SORT1
1	109274742	T	C	316	116651	121966	-0.03	0.19129	SORT1
1	109274742	T	G	42	23599	22636	-0.02	0.78335	SORT1
1	109274743	G	A	262	123817	128759	-0.06	0.03333	SORT1
1	109274743	G	C	9	1384	861	0.26	0.08179	SORT1
1	109274743	G	T	12	6110	5521	-0.42	0.00087	SORT1
1	109274744	T	A	204	117628	134187	-0.04	0.15661	SORT1
1	109274744	T	C	247	95641	112455	-0.07	0.00987	SORT1
1	109274744	T	G	54	31535	53798	-0.07	0.21595	SORT1
1	109274745	G	A	174	64369	80925	0.01	0.66487	SORT1
1	109274745	G	C	18	4403	5586	0.1	0.33641	SORT1
1	109274745	G	T	12	8853	10875	0.11	0.38864	SORT1
1	109274746	C	-	498	247668	290518	0.05	0.01311	SORT1
1	109274746	C	A	88	92979	43938	-0.07	0.11268	SORT1
1	109274746	C	G	51	17981	24283	0.21	0.00047	SORT1
1	109274746	C	T	472	206978	240632	-0.01	0.52033	SORT1
1	109274747	C	A	91	40213	45831	0.07	0.11036	SORT1
1	109274747	C	G	12	2409	1940	-0.12	0.34103	SORT1
1	109274747	C	T	228	99679	119659	0.03	0.35375	SORT1
1	109274748	C	A	99	44318	46792	0	0.95771	SORT1
1	109274748	C	G	39	17091	21270	0.02	0.79929	SORT1
1	109274748	C	T	212	129178	139987	-0.01	0.68894	SORT1
1	109274749	C	A	130	55595	54418	0.01	0.69921	SORT1
1	109274749	C	G	30	24669	24859	0.22	0.00574	SORT1
1	109274749	C	T	335	157877	181525	-0.02	0.42113	SORT1
1	109274750	C	A	63	25536	28273	0.03	0.62634	SORT1
1	109274750	C	G	51	25123	25830	-0.11	0.06372	SORT1
1	109274750	C	T	234	105794	118568	0.03	0.29516	SORT1
1	109274751	A	C	41	22699	26322	0	0.99026	SORT1
1	109274751	A	G	380	156736	198521	0	0.87456	SORT1
1	109274751	A	T	162	63705	56076	-0.05	0.16531	SORT1
1	109274752	G	-	6	2225	2782	0.16	0.34643	SORT1
1	109274752	G	A	170	61747	81448	0.12	0.00024	SORT1
1	109274752	G	C	18	6718	6283	-0.08	0.42839	SORT1
1	109274752	G	T	102	33776	37537	-0.02	0.59002	SORT1
1	109274753	G	A	225	94367	109847	-0.07	0.01157	SORT1
1	109274753	G	C	15	6708	4321	0.13	0.25079	SORT1
1	109274753	G	T	37	11624	21696	-0.04	0.57296	SORT1
1	109274754	C	A	44	9083	8425	0.09	0.188	SORT1
1	109274754	C	G	81	38075	36248	-0.06	0.19581	SORT1
1	109274754	C	T	383	160291	176112	0.06	0.0056	SORT1
1	109274755	G	-	323	93290	112889	0.04	0.074	SORT1
1	109274755	G	A	238	99491	131111	0.16	0	SORT1
1	109274755	G	C	24	7561	11287	0.07	0.42206	SORT1
1	109274755	G	T	76	32986	48914	0.11	0.02117	SORT1
1	109274756	G	A	178	79960	79709	0.11	0.00067	SORT1
1	109274756	G	C	15	2774	4677	0.23	0.0417	SORT1
1	109274756	G	T	78	37302	35831	0.03	0.56943	SORT1
1	109274757	G	A	126	50512	58799	0.11	0.00348	SORT1
1	109274757	G	C	3	656	753	-0.1	0.67466	SORT1
1	109274757	G	T	39	12171	23715	-0.2	0.00327	SORT1
1	109274758	G	A	105	50794	70497	0.15	0.00039	SORT1
1	109274758	G	C	21	11249	10898	-0.11	0.24696	SORT1
1	109274758	G	T	92	48733	61654	0.08	0.09294	SORT1
1	109274759	G	A	164	77745	97761	0.04	0.25117	SORT1
1	109274759	G	C	45	28695	38379	0.22	0.00084	SORT1
1	109274759	G	T	18	6335	4525	-0.23	0.02247	SORT1
1	109274760	T	-	9	5522	5856	0.08	0.56869	SORT1
1	109274760	T	A	104	32792	55912	0.37	0	SORT1
1	109274760	T	C	195	80424	110098	0.26	0	SORT1
1	109274760	T	G	57	22831	29918	0.18	0.00142	SORT1
1	109274761	C	A	60	28361	44898	0.44	0	SORT1
1	109274761	C	G	15	7507	11598	0.2	0.07493	SORT1
1	109274761	C	T	258	101486	135550	0.33	0	SORT1
1	109274762	G	-	39	14764	26634	-0.04	0.54359	SORT1
1	109274762	G	A	363	153571	162460	0.09	0.00015	SORT1
1	109274762	G	C	9	2276	2400	-0.05	0.70575	SORT1
1	109274762	G	T	78	31216	31914	-0.09	0.05545	SORT1
1	109274763	G	A	210	89507	91772	0.01	0.82498	SORT1
1	109274763	G	C	6	14129	10864	-0.11	0.54807	SORT1
1	109274763	G	T	76	27882	28913	-0.13	0.00903	SORT1
1	109274764	G	A	316	98578	112298	-0.02	0.42156	SORT1
1	109274764	G	C	18	4037	3817	0.6	0	SORT1
1	109274764	G	T	42	11990	12249	-0.01	0.9114	SORT1
1	109274765	C	A	6	4325	5631	0.05	0.76097	SORT1
1	109274765	C	G	54	39523	45423	-0.1	0.07334	SORT1
1	109274765	C	T	330	142799	168104	0.03	0.26146	SORT1
1	109274766	A	C	21	4971	5961	0.04	0.63783	SORT1
1	109274766	A	G	238	116066	142229	0.07	0.0086	SORT1
1	109274766	A	T	114	39971	40362	-0.03	0.44663	SORT1
1	109274767	G	A	298	107027	106402	-0.08	0.00077	SORT1
1	109274767	G	C	69	27296	27886	-0.09	0.08899	SORT1
1	109274767	G	T	39	12141	10321	-0.2	0.00368	SORT1
1	109274768	C	-	249	95272	104431	0.08	0.00198	SORT1
1	109274768	C	A	37	13481	17764	-0.03	0.6684	SORT1
1	109274768	C	G	43	27237	33716	0.07	0.28026	SORT1
1	109274768	C	T	428	190718	184061	-0.01	0.56992	SORT1
1	109274769	C	A	68	23789	24426	-0.18	0.00053	SORT1
1	109274769	C	G	15	4811	6211	0.19	0.08851	SORT1
1	109274769	C	T	118	56611	61370	-0.07	0.06767	SORT1
1	109274770	C	A	51	33458	34390	-0.09	0.1199	SORT1
1	109274770	C	G	9	2538	3496	0.11	0.42541	SORT1
1	109274770	C	T	232	98950	117229	0.07	0.01091	SORT1
1	109274771	C	A	36	10063	10579	-0.14	0.05893	SORT1
1	109274771	C	G	24	19549	14953	-0.08	0.39311	SORT1
1	109274771	C	T	216	119748	124552	-0.03	0.29541	SORT1
1	109274772	A	-	3	1457	1090	0.44	0.07435	SORT1
1	109274772	A	C	36	13804	14625	0.17	0.02028	SORT1
1	109274772	A	G	253	120560	139959	-0.06	0.02699	SORT1
1	109274772	A	T	158	59210	70721	-0.04	0.23801	SORT1
1	109274773	G	A	290	118888	134349	0.07	0.00962	SORT1
1	109274773	G	C	48	13384	17943	0.47	0	SORT1
1	109274773	G	T	84	25356	38045	-0.01	0.87737	SORT1
1	109274774	C	-	63	26614	26622	-0.07	0.17578	SORT1
1	109274774	C	A	30	11243	9660	0.08	0.32945	SORT1
1	109274774	C	G	45	24310	28686	-0.03	0.67934	SORT1
1	109274774	C	T	351	154353	170143	0.03	0.23952	SORT1
1	109274775	C	A	45	21094	22519	-0.09	0.16072	SORT1
1	109274775	C	G	6	2981	3695	-0.01	0.97454	SORT1
1	109274775	C	T	108	48488	63361	-0.01	0.87388	SORT1
1	109274776	C	A	81	36811	49964	0.16	7e-04	SORT1
1	109274776	C	G	12	6810	7162	0.04	0.75181	SORT1
1	109274776	C	T	117	47813	52463	0.09	0.02072	SORT1
1	109274777	C	A	116	40209	43090	-0.08	0.05304	SORT1
1	109274777	C	G	3	79	128	0.29	0.26128	SORT1
1	109274777	C	T	129	59548	79351	0.04	0.28043	SORT1
1	109274778	T	A	69	41226	56333	0.15	0.00357	SORT1
1	109274778	T	C	365	146658	223404	0.4	0	SORT1
1	109274778	T	G	12	4760	2786	-0.15	0.24382	SORT1
1	109274779	C	A	84	30946	32879	0.09	0.05521	SORT1
1	109274779	C	G	6	4782	4899	0.43	0.01364	SORT1
1	109274779	C	T	103	45413	68223	0.07	0.08866	SORT1
1	109274780	T	A	99	41131	44804	-0.01	0.82734	SORT1
1	109274780	T	C	278	104904	188898	0.54	0	SORT1
1	109274780	T	G	18	5938	5583	-0.09	0.38439	SORT1
1	109274781	C	-	3	324	407	0.02	0.93034	SORT1
1	109274781	C	A	36	14146	15162	0.06	0.44276	SORT1
1	109274781	C	T	113	42981	46223	-0.13	0.00121	SORT1
1	109274782	C	A	87	35875	34966	0.17	0.00025	SORT1
1	109274782	C	G	27	19071	21624	0.1	0.21203	SORT1
1	109274782	C	T	232	83914	83170	-0.06	0.04382	SORT1
1	109274783	T	-	263	114740	133144	0.05	0.04377	SORT1
1	109274783	T	A	141	66487	69236	-0.08	0.02958	SORT1
1	109274783	T	C	407	178087	211043	0	0.93479	SORT1
1	109274783	T	G	21	5080	4741	-0.1	0.29177	SORT1
1	109274784	T	A	153	67196	83867	-0.02	0.57443	SORT1
1	109274784	T	C	467	186963	212165	0.04	0.06253	SORT1
1	109274784	T	G	24	6388	7778	0	0.99349	SORT1
1	109274785	T	A	117	44919	50299	0	0.92615	SORT1
1	109274785	T	C	405	184665	191664	-0.01	0.65748	SORT1
1	109274785	T	G	9	4837	4938	-0.09	0.52332	SORT1
1	109274786	T	A	90	29090	29429	-0.12	0.01152	SORT1
1	109274786	T	C	295	137944	163955	0.06	0.01701	SORT1
1	109274786	T	G	6	8008	7800	-0.19	0.27208	SORT1
1	109274787	C	-	17	6298	7480	-0.06	0.54479	SORT1
1	109274787	C	A	36	17968	14499	0.12	0.11347	SORT1
1	109274787	C	G	3	238	407	-0.11	0.66605	SORT1
1	109274787	C	T	94	30436	37023	0.03	0.44261	SORT1
1	109274788	C	A	150	56703	58007	0.15	2e-05	SORT1
1	109274788	C	G	48	16761	16408	0.33	0	SORT1
1	109274788	C	T	180	62263	77613	0.11	0.00112	SORT1
1	109274789	T	A	188	80657	78732	-0.45	0	SORT1
1	109274789	T	C	341	127847	129036	-0.19	0	SORT1
1	109274789	T	G	27	12102	9542	-0.26	0.00173	SORT1
1	109274790	G	-	138	34439	25173	-0.32	0	SORT1
1	109274790	G	A	180	66221	61186	-0.5	0	SORT1
1	109274790	G	C	27	9708	6380	-0.81	0	SORT1
1	109274790	G	T	83	27013	20291	-0.52	0	SORT1
1	109274791	G	A	178	72127	80725	-0.01	0.66053	SORT1
1	109274791	G	C	27	10720	11837	-0.33	1e-04	SORT1
1	109274791	G	T	70	23764	28075	-0.3	0	SORT1
1	109274792	A	C	40	11536	9743	-0.39	0	SORT1
1	109274792	A	G	294	113313	81361	-0.58	0	SORT1
1	109274792	A	T	129	52143	37368	-0.44	0	SORT1
1	109274793	C	A	37	14350	12108	-0.35	0	SORT1
1	109274793	C	G	125	54494	43416	-0.44	0	SORT1
1	109274793	C	T	246	106878	93905	-0.57	0	SORT1
1	109274794	T	A	135	65032	38237	-0.57	0	SORT1
1	109274794	T	C	215	91282	68327	-0.53	0	SORT1
1	109274794	T	G	15	6249	20022	-0.43	8e-05	SORT1
1	109274795	C	A	82	35904	45457	-0.04	0.39441	SORT1
1	109274795	C	G	33	11531	9752	-0.29	8e-05	SORT1
1	109274795	C	T	177	87030	183845	0.99	0	SORT1
1	109274796	T	A	216	103743	73038	-0.55	0	SORT1
1	109274796	T	C	311	109896	97156	-0.43	0	SORT1
1	109274796	T	G	42	9744	8053	-0.52	0	SORT1
1	109274797	G	-	117	36693	28292	-0.31	0	SORT1
1	109274797	G	A	159	68200	64438	-0.41	0	SORT1
1	109274797	G	C	30	13954	10416	-0.48	0	SORT1
1	109274797	G	T	36	9337	7035	-0.43	0	SORT1
1	109274798	G	A	309	103502	143349	0.41	0	SORT1
1	109274798	G	C	57	22168	20631	-0.12	0.0354	SORT1
1	109274798	G	T	39	11429	6806	-0.27	9e-05	SORT1
1	109274799	C	-	18	10156	4792	-0.32	0.00162	SORT1
1	109274799	C	A	41	13520	18573	0.05	0.47578	SORT1
1	109274799	C	G	108	45908	44687	-0.34	0	SORT1
1	109274799	C	T	487	191734	215744	-0.04	0.02329	SORT1
1	109274800	C	A	93	33884	29485	-0.37	0	SORT1
1	109274800	C	G	31	7275	4868	-0.59	0	SORT1
1	109274800	C	T	276	85931	73227	-0.4	0	SORT1
1	109274801	G	A	485	211479	205259	-0.13	0	SORT1
1	109274801	G	C	84	36077	52243	0.42	0	SORT1
1	109274801	G	T	57	23886	33942	0.32	0	SORT1
1	109274802	T	A	153	50590	63337	0.13	0.00021	SORT1
1	109274802	T	C	292	127245	134939	0.1	0.00018	SORT1
1	109274802	T	G	21	7501	11602	0.33	0.00046	SORT1
1	109274803	G	A	157	61181	64636	0.08	0.02573	SORT1
1	109274803	G	C	15	9853	5044	-0.09	0.44178	SORT1
1	109274803	G	T	12	1845	2775	-0.13	0.29972	SORT1
1	109274804	C	A	63	30697	31625	0.03	0.54967	SORT1
1	109274804	C	G	57	25268	25386	0.11	0.05565	SORT1
1	109274804	C	T	593	236808	263931	0.08	2e-05	SORT1
1	109274805	G	A	323	150257	163799	-0.04	0.12802	SORT1
1	109274805	G	C	24	12580	10134	0.39	1e-05	SORT1
1	109274805	G	T	63	26183	30570	-0.01	0.78803	SORT1
1	109274806	C	A	85	29788	32542	-0.02	0.61405	SORT1
1	109274806	C	G	60	21125	22328	-0.01	0.79866	SORT1
1	109274806	C	T	374	158945	188435	0.1	1e-05	SORT1
1	109274807	G	-	12	5684	2000	-0.1	0.43667	SORT1
1	109274807	G	A	231	83920	103574	-0.03	0.2563	SORT1
1	109274807	G	C	30	15790	18233	0.03	0.69363	SORT1
1	109274807	G	T	75	43266	38321	-0.1	0.05206	SORT1
1	109274808	G	A	393	173723	206489	-0.05	0.01674	SORT1
1	109274808	G	C	48	19977	27195	0.07	0.2407	SORT1
1	109274808	G	T	41	14486	22345	0.25	0.00019	SORT1
1	109274809	C	A	12	5410	10475	0.41	0.00116	SORT1
1	109274809	C	G	19	7607	8010	0.21	0.03328	SORT1
1	109274809	C	T	301	119563	125207	-0.08	0.00081	SORT1
1	109274810	A	C	24	11003	8299	0.18	0.0424	SORT1
1	109274810	A	G	331	161011	181320	0.06	0.01793	SORT1
1	109274810	A	T	120	61384	59591	0.05	0.22303	SORT1
1	109274811	G	A	289	107237	124175	-0.13	0	SORT1
1	109274811	G	C	81	18944	18113	-0.16	0.00121	SORT1
1	109274811	G	T	36	16210	20085	-0.33	1e-05	SORT1
1	109274812	C	-	124	45744	57236	0.09	0.01511	SORT1
1	109274812	C	A	39	13198	10271	-0.23	0.00082	SORT1
1	109274812	C	G	27	6897	9445	-0.13	0.13791	SORT1
1	109274812	C	T	448	175249	175169	-0.17	0	SORT1
1	109274813	C	A	87	33544	34076	-0.28	0	SORT1
1	109274813	C	G	27	19360	23364	0.1	0.24353	SORT1
1	109274813	C	T	196	88142	97975	-0.07	0.01783	SORT1
1	109274814	C	A	21	6487	6349	-0.09	0.33768	SORT1
1	109274814	C	G	18	6795	8086	0.21	0.05509	SORT1
1	109274814	C	T	186	91246	90103	0	0.89338	SORT1
1	109274815	A	C	36	13612	10544	0.08	0.28162	SORT1
1	109274815	A	G	297	136349	172713	0.34	0	SORT1
1	109274815	A	T	261	140743	174006	0.18	0	SORT1
1	109274816	G	-	6	1139	1659	0.42	0.01769	SORT1
1	109274816	G	A	294	122723	138614	0.01	0.6674	SORT1
1	109274816	G	C	156	55393	47995	-0.12	0.00045	SORT1
1	109274816	G	T	221	91914	112023	0.11	0.00018	SORT1
1	109274817	G	A	387	160207	190728	0.15	0	SORT1
1	109274817	G	C	45	17857	21673	0.04	0.58208	SORT1
1	109274817	G	T	27	13117	17732	0.33	0.00011	SORT1
1	109274818	T	A	125	51632	35058	-0.58	0	SORT1
1	109274818	T	C	271	126192	96078	-0.62	0	SORT1
1	109274818	T	G	36	21512	17318	-0.72	0	SORT1
1	109274819	G	A	180	84118	86180	-0.16	0	SORT1
1	109274819	G	C	90	43082	28077	-0.86	0	SORT1
1	109274819	G	T	18	9064	5496	-0.42	3e-05	SORT1
1	109274820	T	-	42	8280	3867	-0.82	0	SORT1
1	109274820	T	A	100	36103	31304	-0.69	0	SORT1
1	109274820	T	C	298	147100	97396	-0.66	0	SORT1
1	109274820	T	G	42	16141	10834	-0.7	0	SORT1
1	109274821	T	A	119	41658	32290	-0.75	0	SORT1
1	109274821	T	C	308	146488	90288	-0.8	0	SORT1
1	109274821	T	G	27	15032	9846	-0.61	0	SORT1
1	109274822	T	A	222	93586	63514	-0.7	0	SORT1
1	109274822	T	C	359	152005	90609	-0.83	0	SORT1
1	109274822	T	G	24	10525	8832	-0.68	0	SORT1
1	109274823	G	-	3	1354	1087	-0.81	0.00127	SORT1
1	109274823	G	A	386	97762	135139	0.33	0	SORT1
1	109274823	G	C	81	22142	11711	-0.77	0	SORT1
1	109274823	G	T	48	12035	7629	-0.63	0	SORT1
1	109274824	C	A	60	24381	31689	0.41	0	SORT1
1	109274824	C	G	98	37889	31521	-0.63	0	SORT1
1	109274824	C	T	424	169773	183434	-0.05	0.0229	SORT1
1	109274825	T	A	114	38404	46078	0.01	0.85423	SORT1
1	109274825	T	C	279	105346	83466	-0.38	0	SORT1
1	109274825	T	G	15	8054	6346	-0.15	0.17263	SORT1
1	109274826	C	A	36	12814	8620	-0.49	0	SORT1
1	109274826	C	G	24	6859	5647	-0.71	0	SORT1
1	109274826	C	T	386	182885	199060	0.14	0	SORT1
1	109274827	A	C	33	8314	4207	-0.68	0	SORT1
1	109274827	A	G	331	147190	126847	-0.39	0	SORT1
1	109274827	A	T	276	116400	99697	-0.24	0	SORT1
1	109274828	G	A	356	145134	141349	-0.15	0	SORT1
1	109274828	G	C	180	81676	76386	-0.29	0	SORT1
1	109274828	G	T	86	27866	18648	-0.54	0	SORT1
1	109274829	T	-	9	3501	6801	0.09	0.53859	SORT1
1	109274829	T	A	222	89840	74016	-0.51	0	SORT1
1	109274829	T	C	308	131000	156346	0.05	0.05881	SORT1
1	109274829	T	G	6	2139	1711	-0.56	0.00158	SORT1
1	109274830	T	A	129	59252	71271	0.16	3e-05	SORT1
1	109274830	T	C	292	116838	163280	0.13	0	SORT1
1	109274830	T	G	23	13654	16444	-0.07	0.40727	SORT1
1	109274831	G	A	354	130835	132919	-0.02	0.39836	SORT1
1	109274831	G	C	78	27679	24189	-0.13	0.00678	SORT1
1	109274831	G	T	18	5233	4428	-0.05	0.60925	SORT1
1	109274832	C	A	64	33054	48529	0.44	0	SORT1
1	109274832	C	G	76	27855	35050	0.22	1e-05	SORT1
1	109274832	C	T	485	142028	208442	0.48	0	SORT1
1	109274833	T	A	141	46849	39457	-0.41	0	SORT1
1	109274833	T	C	310	120942	115206	-0.25	0	SORT1
1	109274833	T	G	14	7039	5722	-0.27	0.01893	SORT1
1	109274834	G	-	3	2757	2480	-0.34	0.16443	SORT1
1	109274834	G	A	141	52034	56828	-0.03	0.34074	SORT1
1	109274834	G	C	50	23314	35259	0.6	0	SORT1
1	109274834	G	T	21	8241	6882	-0.16	0.10277	SORT1
1	109274835	A	C	43	14555	11033	-0.47	0	SORT1
1	109274835	A	G	253	106860	121843	-0.04	0.11651	SORT1
1	109274835	A	T	142	52630	45729	-0.09	0.0104	SORT1
1	109274836	C	-	105	35962	47285	0.3	0	SORT1
1	109274836	C	A	31	18809	18580	-0.07	0.36807	SORT1
1	109274836	C	G	96	42289	47476	0.19	3e-05	SORT1
1	109274836	C	T	341	175009	185834	-0.04	0.1146	SORT1
1	109274837	C	A	173	61973	102619	0.57	0	SORT1
1	109274837	C	G	51	17891	44276	1.11	0	SORT1
1	109274837	C	T	273	78664	261530	1.74	0	SORT1
1	109274838	C	A	105	45385	51553	0.05	0.21055	SORT1
1	109274838	C	G	27	10938	13237	0.1	0.23568	SORT1
1	109274838	C	T	297	115574	187719	0.45	0	SORT1
1	109274839	A	-	277	95511	122719	0.24	0	SORT1
1	109274839	A	C	95	34038	30389	-0.21	0	SORT1
1	109274839	A	G	264	105264	97783	0.08	0.00185	SORT1
1	109274839	A	T	165	80929	98204	-0.02	0.64057	SORT1
1	109274840	A	C	18	9575	8599	0.34	0.00077	SORT1
1	109274840	A	G	290	130511	168638	0.13	0	SORT1
1	109274840	A	T	173	64028	86046	0.39	0	SORT1
1	109274841	A	C	51	12229	23972	0.88	0	SORT1
1	109274841	A	G	270	139301	168362	0.18	0	SORT1
1	109274841	A	T	279	125663	182721	0.36	0	SORT1
1	109274842	A	C	29	16121	15406	-0.01	0.85282	SORT1
1	109274842	A	G	516	204081	281191	0.15	0	SORT1
1	109274842	A	T	173	82873	91747	-0.05	0.17004	SORT1
1	109274843	G	A	319	164559	213058	0.02	0.4257	SORT1
1	109274843	G	C	39	13091	11462	-0.08	0.27312	SORT1
1	109274843	G	T	63	34073	68043	0.77	0	SORT1
1	109274844	T	A	167	68025	73282	0.03	0.3007	SORT1
1	109274844	T	C	183	56128	71025	0.03	0.40318	SORT1
1	109274844	T	G	33	13519	18680	0.08	0.28212	SORT1
1	109274845	G	A	311	106139	97707	-0.13	0	SORT1
1	109274845	G	C	69	12952	14286	0.09	0.09322	SORT1
1	109274845	G	T	34	7833	5557	-0.27	0.00024	SORT1
1	109274846	C	A	99	42348	175587	2.18	0	SORT1
1	109274846	C	G	48	19804	23106	0.1	0.1186	SORT1
1	109274846	C	T	517	238525	327097	0.23	0	SORT1
1	109274847	T	-	9	1332	1394	0.28	0.04872	SORT1
1	109274847	T	A	106	55610	53037	0.07	0.09203	SORT1
1	109274847	T	C	288	92042	156472	0.35	0	SORT1
1	109274847	T	G	39	17737	60347	1.45	0	SORT1
1	109274848	T	A	185	92318	96731	-0.03	0.34169	SORT1
1	109274848	T	C	291	98388	93720	-0.13	0	SORT1
1	109274848	T	G	30	14948	15686	0.17	0.03267	SORT1
1	109274849	C	A	12	3504	4433	0.03	0.82491	SORT1
1	109274849	C	G	9	4397	4096	-0.06	0.69036	SORT1
1	109274849	C	T	141	71695	95885	0.33	0	SORT1
1	109274850	A	C	9	852	598	1.01	0	SORT1
1	109274850	A	G	264	134951	132844	-0.14	0	SORT1
1	109274850	A	T	82	33172	44020	0.61	0	SORT1
1	109274851	T	-	282	104518	116402	-0.04	0.12161	SORT1
1	109274851	T	A	105	56454	56038	-0.22	0	SORT1
1	109274851	T	C	300	112883	122246	0.01	0.70727	SORT1
1	109274851	T	G	24	10397	10745	0.17	0.05842	SORT1
1	109274852	T	A	94	32864	38946	0.4	0	SORT1
1	109274852	T	C	278	86343	120825	0.2	0	SORT1
1	109274852	T	G	33	14565	21287	0.29	0.00011	SORT1
1	109274853	T	A	96	49732	84932	0.11	0.01445	SORT1
1	109274853	T	C	378	129325	181297	0.42	0	SORT1
1	109274853	T	G	24	10682	23639	1.07	0	SORT1
1	109274854	T	A	144	49231	64188	0.18	0	SORT1
1	109274854	T	C	409	119701	105362	-0.35	0	SORT1
1	109274854	T	G	30	17828	15188	0	0.96476	SORT1
1	109274855	T	A	78	35034	34302	-0.44	0	SORT1
1	109274855	T	C	303	128787	121999	-0.27	0	SORT1
1	109274855	T	G	30	12462	9877	-0.26	0.00078	SORT1
1	109274856	C	-	21	5086	4805	-0.14	0.13392	SORT1
1	109274856	C	A	36	29433	29161	-0.16	0.02904	SORT1
1	109274856	C	G	3	640	730	0.18	0.46212	SORT1
1	109274856	C	T	174	65178	79791	0.02	0.51626	SORT1
1	109274857	G	A	113	64100	70300	-0.28	0	SORT1
1	109274857	G	C	74	33607	28455	-0.29	0	SORT1
1	109274857	G	T	234	117318	110602	-0.26	0	SORT1
1	109274858	T	A	111	35676	30457	-0.17	3e-05	SORT1
1	109274858	T	C	306	110273	45555	-1.39	0	SORT1
1	109274858	T	G	27	17190	25053	0.46	0	SORT1
1	109274859	G	A	183	69854	77847	-0.08	0.01375	SORT1
1	109274859	G	C	33	4568	8741	0.36	0	SORT1
1	109274859	G	T	30	13013	9959	-0.78	0	SORT1
1	109274860	C	-	78	23139	30239	-0.34	0	SORT1
1	109274860	C	A	42	18644	20660	-0.04	0.51275	SORT1
1	109274860	C	G	133	57639	53888	-0.38	0	SORT1
1	109274860	C	T	566	224128	226432	-0.17	0	SORT1
1	109274861	C	A	81	45010	32978	-0.68	0	SORT1
1	109274861	C	G	62	38544	22360	-0.9	0	SORT1
1	109274861	C	T	276	114509	75573	-0.47	0	SORT1
1	109274862	C	A	129	51041	42205	-0.54	0	SORT1
1	109274862	C	G	18	4989	2537	-0.32	0.00153	SORT1
1	109274862	C	T	316	106187	99066	-0.31	0	SORT1
1	109274863	G	A	362	132600	108995	-0.35	0	SORT1
1	109274863	G	C	45	15506	26304	0.5	0	SORT1
1	109274863	G	T	25	15388	23181	0.37	1e-05	SORT1
1	109274864	C	-	306	100799	83401	-0.41	0	SORT1
1	109274864	C	A	36	11170	7200	-0.36	0	SORT1
1	109274864	C	G	63	33693	30041	-0.14	0.01889	SORT1
1	109274864	C	T	297	112275	99397	-0.5	0	SORT1
1	109274865	C	A	48	12408	18269	-0.15	0.01981	SORT1
1	109274865	C	G	33	14819	17195	0.18	0.06041	SORT1
1	109274865	C	T	236	91860	86740	-0.29	0	SORT1
1	109274866	C	A	99	45643	19891	-1.2	0	SORT1
1	109274866	C	G	45	21542	16602	-0.52	0	SORT1
1	109274866	C	T	260	112886	65026	-0.69	0	SORT1
1	109274867	C	A	101	37938	37277	-0.15	0.00042	SORT1
1	109274867	C	G	18	6923	9039	0.11	0.2787	SORT1
1	109274867	C	T	328	133087	135837	-0.13	0	SORT1
1	109274868	G	A	271	109771	119972	-0.02	0.54136	SORT1
1	109274868	G	C	9	2888	4550	0.42	0.00268	SORT1
1	109274868	G	T	15	14128	31459	0.36	0.00104	SORT1
1	109274869	C	A	51	21658	24496	-0.19	0.00226	SORT1
1	109274869	C	G	27	6489	9437	-0.03	0.6871	SORT1
1	109274869	C	T	401	186522	176818	-0.14	0	SORT1
1	109274870	G	A	258	88520	118725	0.53	0	SORT1
1	109274870	G	C	33	14061	29036	0.9	0	SORT1
1	109274870	G	T	24	9613	11205	0.09	0.29197	SORT1
1	109274871	C	-	81	32951	39976	-0.09	0.0655	SORT1
1	109274871	C	A	30	14523	15122	0.16	0.04219	SORT1
1	109274871	C	G	54	30632	34047	-0.11	0.10063	SORT1
1	109274871	C	T	241	114652	111558	-0.17	0	SORT1
1	109274872	C	A	93	33530	31155	-0.25	0	SORT1
1	109274872	C	G	21	13953	13355	0.33	0.00587	SORT1
1	109274872	C	T	111	57948	52146	-0.2	0	SORT1
1	109274873	C	A	114	49170	36300	-0.35	0	SORT1
1	109274873	C	G	24	15874	15957	0.1	0.36134	SORT1
1	109274873	C	T	203	95416	83132	-0.34	0	SORT1
1	109274874	C	A	113	45758	47480	-0.3	0	SORT1
1	109274874	C	G	136	66424	70834	0.01	0.79931	SORT1
1	109274874	C	T	261	90260	97907	-0.19	0	SORT1
1	109274875	G	-	24	5840	4622	-0.07	0.41485	SORT1
1	109274875	G	A	264	85716	101872	-0.09	0.00066	SORT1
1	109274875	G	C	71	27608	26655	0.15	0.00344	SORT1
1	109274875	G	T	138	72636	61889	-0.49	0	SORT1
1	109274876	G	A	195	66638	60646	-0.25	0	SORT1
1	109274876	G	C	12	1405	1085	-0.24	0.05006	SORT1
1	109274876	G	T	63	18878	17194	-0.24	1e-05	SORT1
1	109274877	G	A	432	183627	201903	-0.01	0.73586	SORT1
1	109274877	G	C	45	15085	12938	-0.34	0	SORT1
1	109274877	G	T	57	16184	17337	0.05	0.37815	SORT1
1	109274878	C	A	6	1338	1680	-0.24	0.17704	SORT1
1	109274878	C	G	42	24982	26036	-0.15	0.02553	SORT1
1	109274878	C	T	301	123083	119768	-0.18	0	SORT1
1	109274879	A	C	18	6839	6784	-0.17	0.09503	SORT1
1	109274879	A	G	273	101449	109928	-0.01	0.74727	SORT1
1	109274879	A	T	135	64921	51321	-0.25	0	SORT1
1	109274880	G	-	18	4347	6161	0.05	0.63124	SORT1
1	109274880	G	A	147	57261	67758	0.12	0.00124	SORT1
1	109274880	G	C	39	7979	7665	-0.29	3e-05	SORT1
1	109274880	G	T	108	28283	28203	-0.07	0.07748	SORT1
1	109274881	G	-	3	172	450	0.97	1e-04	SORT1
1	109274881	G	A	292	123194	123438	0	0.93948	SORT1
1	109274881	G	C	27	5936	7132	0.17	0.03798	SORT1
1	109274881	G	T	27	9050	8986	0.03	0.6983	SORT1
1	109274882	C	-	117	51379	56598	-0.05	0.26317	SORT1
1	109274882	C	A	66	19951	21838	-0.04	0.41655	SORT1
1	109274882	C	G	15	5370	8088	-0.14	0.20598	SORT1
1	109274882	C	T	330	159871	210697	0.12	0	SORT1
1	109274883	C	A	15	3286	4823	-0.18	0.109	SORT1
1	109274883	C	G	12	2305	2757	-0.17	0.16161	SORT1
1	109274883	C	T	138	69061	78501	0.06	0.08398	SORT1
1	109274884	A	C	42	14174	17099	-0.01	0.85192	SORT1
1	109274884	A	G	258	105294	135311	0.08	0.00263	SORT1
1	109274884	A	T	255	93822	97461	-0.25	0	SORT1
1	109274885	G	A	368	129118	101766	-0.48	0	SORT1
1	109274885	G	C	150	55976	32759	-0.99	0	SORT1
1	109274885	G	T	43	13867	10648	-0.78	0	SORT1
1	109274886	T	A	142	68024	37308	-0.96	0	SORT1
1	109274886	T	C	289	97412	46760	-1.24	0	SORT1
1	109274886	T	G	12	2581	1791	-0.86	0	SORT1
1	109274887	C	A	18	12574	4457	-1.02	0	SORT1
1	109274887	C	G	9	2828	1971	-0.89	0	SORT1
1	109274887	C	T	258	117344	78050	-0.85	0	SORT1
1	109274888	A	C	12	2615	1737	-0.88	0	SORT1
1	109274888	A	G	266	124482	63392	-0.96	0	SORT1
1	109274888	A	T	188	66125	43599	-0.86	0	SORT1
1	109274889	T	A	99	42660	22844	-0.97	0	SORT1
1	109274889	T	C	311	94384	110539	0.28	0	SORT1
1	109274889	T	G	19	3900	3456	-1.24	0	SORT1
1	109274890	G	A	516	209637	151606	-0.56	0	SORT1
1	109274890	G	C	135	50664	48108	-0.32	0	SORT1
1	109274890	G	T	30	12252	12145	-0.44	0	SORT1
1	109274891	T	A	192	85432	95753	0.08	0.01132	SORT1
1	109274891	T	C	312	122813	95160	-0.45	0	SORT1
1	109274891	T	G	54	16426	21961	-0.07	0.21429	SORT1
1	109274892	G	A	304	112763	91982	-0.45	0	SORT1
1	109274892	G	C	84	22350	7541	-1.81	0	SORT1
1	109274892	G	T	21	15763	15212	-0.2	0.03151	SORT1
1	109274893	T	-	30	14352	11642	-0.1	0.20231	SORT1
1	109274893	T	A	186	78352	171580	1.02	0	SORT1
1	109274893	T	C	275	91180	136932	0.42	0	SORT1
1	109274893	T	G	42	14413	21793	0.41	0	SORT1
1	109274894	T	A	46	20152	16234	-0.28	2e-05	SORT1
1	109274894	T	C	194	68970	76155	-0.06	0.07256	SORT1
1	109274894	T	G	18	7127	7287	-0.71	0	SORT1
1	109274895	A	-	21	7380	8153	0.27	0.00429	SORT1
1	109274895	A	C	3	455	439	-0.18	0.47963	SORT1
1	109274895	A	G	215	109461	110725	-0.07	0.01848	SORT1
1	109274895	A	T	86	26709	44397	0.45	0	SORT1
1	109274896	A	C	27	6293	8536	-0.04	0.60926	SORT1
1	109274896	A	G	307	143881	182119	0.09	0.00013	SORT1
1	109274896	A	T	242	98506	139138	0.21	0	SORT1
1	109274897	G	A	265	115636	111659	-0.06	0.01859	SORT1
1	109274897	G	C	81	27674	36550	0.22	1e-05	SORT1
1	109274897	G	T	33	9450	7610	0.04	0.58461	SORT1
1	109274898	T	-	3	7176	10030	0.29	0.23792	SORT1
1	109274898	T	A	159	56394	41711	-0.74	0	SORT1
1	109274898	T	C	270	97994	136052	0.18	0	SORT1
1	109274898	T	G	21	4698	3822	-0.35	0.00017	SORT1
1	109274899	T	A	107	36212	40137	-0.1	0.01375	SORT1
1	109274899	T	C	272	98203	107848	-0.01	0.78273	SORT1
1	109274899	T	G	9	3126	4071	0.16	0.26442	SORT1
1	109274900	G	A	235	75476	74184	-0.03	0.29546	SORT1
1	109274900	G	C	39	12820	15206	0.42	0	SORT1
1	109274900	G	T	21	6209	4848	0.23	0.01245	SORT1
1	109274901	C	A	44	30074	47615	-0.25	0.00012	SORT1
1	109274901	C	G	96	56151	46433	-0.28	0	SORT1
1	109274901	C	T	562	207463	162478	-0.49	0	SORT1
1	109274902	G	A	394	99263	81196	-0.39	0	SORT1
1	109274902	G	C	60	8453	7850	-0.43	0	SORT1
1	109274902	G	T	62	19719	18460	-0.19	0.00069	SORT1
1	109274903	C	A	39	30284	25805	0.03	0.71155	SORT1
1	109274903	C	G	10	4374	7688	0.41	0.00262	SORT1
1	109274903	C	T	277	136622	174384	0.26	0	SORT1
1	109274904	T	-	3	1420	1779	0.14	0.59842	SORT1
1	109274904	T	A	96	41660	28979	-0.33	0	SORT1
1	109274904	T	C	271	53619	61788	-0.23	0	SORT1
1	109274904	T	G	21	7206	6888	-0.27	0.00506	SORT1
1	109274905	T	A	143	58891	65950	0.17	1e-05	SORT1
1	109274905	T	C	218	43767	43713	-0.09	0.00145	SORT1
1	109274905	T	G	21	10059	8811	0.02	0.84783	SORT1
1	109274906	C	A	93	50151	88548	0.6	0	SORT1
1	109274906	C	T	75	32054	33380	-0.14	0.00381	SORT1
1	109274907	T	-	63	23965	15003	-0.57	0	SORT1
1	109274907	T	A	132	55041	47114	-0.05	0.18444	SORT1
1	109274907	T	C	244	56156	67545	-0.07	0.00855	SORT1
1	109274907	T	G	42	21254	15246	-0.25	0.00021	SORT1
1	109274908	T	A	173	69569	58800	-0.2	0	SORT1
1	109274908	T	C	331	98368	98946	-0.16	0	SORT1
1	109274908	T	G	27	5565	5854	-0.18	0.02755	SORT1
1	109274909	T	A	203	70280	48713	-0.86	0	SORT1
1	109274909	T	C	351	110390	87562	-0.37	0	SORT1
1	109274909	T	G	25	7712	3927	-0.96	0	SORT1
1	109274910	G	A	406	122131	106873	-0.3	0	SORT1
1	109274910	G	C	66	10039	20507	0.7	0	SORT1
1	109274910	G	T	21	10779	11008	0.13	0.16397	SORT1
1	109274911	C	A	185	124773	519352	2.05	0	SORT1
1	109274911	C	G	91	40226	24831	-0.97	0	SORT1
1	109274911	C	T	462	221747	260236	0.18	0	SORT1
1	109274912	T	A	113	45611	42535	-0.3	0	SORT1
1	109274912	T	C	327	83189	50680	-0.71	0	SORT1
1	109274912	T	G	36	23537	25316	-0.38	0	SORT1
1	109274913	G	A	366	147214	145016	-0.07	0.00349	SORT1
1	109274913	G	C	87	41063	65023	0.64	0	SORT1
1	109274913	G	T	36	16133	59386	1.94	0	SORT1
1	109274914	T	A	200	86321	62825	-0.55	0	SORT1
1	109274914	T	C	339	122527	84761	-0.67	0	SORT1
1	109274914	T	G	63	34446	27110	-0.45	0	SORT1
1	109274915	G	A	239	83588	83672	-0.18	0	SORT1
1	109274915	G	C	42	9850	11730	0.2	0.00292	SORT1
1	109274915	G	T	21	9755	8931	-0.13	0.17442	SORT1
1	109274916	A	C	15	4725	3230	-0.27	0.02236	SORT1
1	109274916	A	G	387	152446	164114	-0.06	0.01206	SORT1
1	109274916	A	T	139	32564	23266	-0.73	0	SORT1
1	109274917	T	A	115	36065	21867	-0.71	0	SORT1
1	109274917	T	C	255	98483	97665	-0.16	0	SORT1
1	109274917	T	G	12	7390	5693	-0.48	0.00011	SORT1
1	109274918	G	A	328	114936	91544	-0.46	0	SORT1
1	109274918	G	C	42	10741	10196	0.06	0.37104	SORT1
1	109274918	G	T	21	2493	1106	-1.5	0	SORT1
1	109274919	T	A	242	115178	104403	-0.32	0	SORT1
1	109274919	T	C	255	94205	70136	-0.49	0	SORT1
1	109274919	T	G	73	21987	29706	-0.07	0.18163	SORT1
1	109274920	G	-	147	62409	71796	0.21	0	SORT1
1	109274920	G	A	156	69406	83024	0.07	0.0503	SORT1
1	109274920	G	C	18	4623	5027	0.25	0.0161	SORT1
1	109274920	G	T	42	23534	31338	0.18	0.00572	SORT1
1	109274921	G	A	336	153448	181330	0.07	0.00333	SORT1
1	109274921	G	C	66	26310	24881	-0.15	0.00374	SORT1
1	109274921	G	T	164	68989	92660	0.25	0	SORT1
1	109274922	G	A	443	205297	218262	-0.01	0.51556	SORT1
1	109274922	G	C	68	25389	32291	-0.03	0.51704	SORT1
1	109274922	G	T	46	24195	28240	0.2	0.00144	SORT1
1	109274923	T	A	207	101704	79306	-0.59	0	SORT1
1	109274923	T	C	209	83051	48528	-0.89	0	SORT1
1	109274923	T	G	72	32170	16370	-0.86	0	SORT1
1	109274924	G	-	475	153192	81479	-1.07	0	SORT1
1	109274924	G	A	231	95312	62676	-0.81	0	SORT1
1	109274924	G	C	27	8617	6586	-0.95	0	SORT1
1	109274924	G	T	102	47034	27832	-0.73	0	SORT1
1	109274925	G	A	280	99129	80640	-0.88	0	SORT1
1	109274925	G	C	33	12230	6183	-1.02	0	SORT1
1	109274925	G	T	180	87123	57822	-0.86	0	SORT1
1	109274926	G	A	247	128590	81799	-0.92	0	SORT1
1	109274926	G	C	54	24406	13912	-0.96	0	SORT1
1	109274926	G	T	83	33080	23347	-1.14	0	SORT1
1	109274927	G	A	166	62195	30500	-1.34	0	SORT1
1	109274927	G	C	53	17087	3867	-2.51	0	SORT1
1	109274927	G	T	130	64717	22242	-1.35	0	SORT1
1	109274928	G	A	249	118882	39041	-1.54	0	SORT1
1	109274928	G	C	24	3718	1292	-1.53	0	SORT1
1	109274928	G	T	54	20949	6313	-1.68	0	SORT1
1	109274929	A	G	465	202116	122114	-0.93	0	SORT1
1	109274929	A	T	84	36314	46971	0.02	0.64447	SORT1
1	109274930	G	-	12	8024	7528	-0.64	0	SORT1
1	109274930	G	A	138	58529	29937	-1.14	0	SORT1
1	109274930	G	C	45	10877	4543	-1.56	0	SORT1
1	109274930	G	T	117	47686	24778	-0.98	0	SORT1
1	109274931	G	A	111	24991	13195	-1.07	0	SORT1
1	109274931	G	C	18	2922	2062	-1.16	0	SORT1
1	109274931	G	T	48	11563	6382	-1.14	0	SORT1
1	109274932	A	C	18	10405	10598	-0.65	0	SORT1
1	109274932	A	G	322	158352	149720	0.03	0.29929	SORT1
1	109274932	A	T	87	36797	49621	-0.36	0	SORT1
1	109274933	A	C	15	3201	2179	-0.61	0	SORT1
1	109274933	A	G	468	260981	136394	-1.16	0	SORT1
1	109274933	A	T	179	66775	73451	-0.14	1e-05	SORT1
1	109274934	G	A	296	95984	141469	0.39	0	SORT1
1	109274934	G	C	39	8561	5291	-0.46	0	SORT1
1	109274934	G	T	60	24444	17152	-0.51	0	SORT1
1	109274935	A	C	9	1482	720	-1.87	0	SORT1
1	109274935	A	G	268	184320	152439	-0.39	0	SORT1
1	109274935	A	T	84	31765	35185	-0.08	0.07831	SORT1
1	109274936	G	A	172	72303	45835	-0.59	0	SORT1
1	109274936	G	C	105	24095	4653	-2.45	0	SORT1
1	109274936	G	T	66	26972	13783	-1.5	0	SORT1
1	109274937	T	A	146	69456	17535	-2	0	SORT1
1	109274937	T	C	128	50570	46931	-0.35	0	SORT1
1	109274937	T	G	39	14802	3004	-2.47	0	SORT1
1	109274938	A	-	132	37844	4980	-3.13	0	SORT1
1	109274938	A	C	18	2846	2505	-0.61	0	SORT1
1	109274938	A	G	242	95889	15577	-2.82	0	SORT1
1	109274938	A	T	84	40175	9739	-2.6	0	SORT1
1	109274939	A	C	16	3900	3165	-1.07	0	SORT1
1	109274939	A	G	329	173320	34640	-2.72	0	SORT1
1	109274939	A	T	105	40167	11175	-2.07	0	SORT1
1	109274940	A	C	102	38309	5698	-2.84	0	SORT1
1	109274940	A	G	341	157265	33487	-2.34	0	SORT1
1	109274940	A	T	150	51827	9769	-2.49	0	SORT1
1	109274941	C	A	66	46946	6634	-2.87	0	SORT1
1	109274941	C	G	220	160006	25034	-2.85	0	SORT1
1	109274941	C	T	441	273796	253657	-0.3	0	SORT1
1	109274942	A	C	21	8387	4720	-1.97	0	SORT1
1	109274942	A	G	338	155036	49200	-1.81	0	SORT1
1	109274942	A	T	159	68250	29375	-1.31	0	SORT1
1	109274943	C	A	39	27489	35195	0.13	0.05637	SORT1
1	109274943	C	G	186	89469	105110	0.08	0.01608	SORT1
1	109274943	C	T	712	425104	477346	0.02	0.19552	SORT1
1	109274944	A	C	52	20664	29941	-0.33	0	SORT1
1	109274944	A	G	361	186866	178362	-0.26	0	SORT1
1	109274944	A	T	161	61138	78141	0.05	0.13426	SORT1
1	109274945	G	A	352	158675	153749	-0.21	0	SORT1
1	109274945	G	C	39	17581	35681	0.07	0.33486	SORT1
1	109274945	G	T	73	28406	31819	-0.22	1e-05	SORT1
1	109274946	T	A	177	78434	89814	0.02	0.58878	SORT1
1	109274946	T	C	292	143325	147811	0.12	1e-05	SORT1
1	109274946	T	G	34	11818	12847	0.08	0.26138	SORT1
1	109274947	G	A	402	153143	181314	-0.16	0	SORT1
1	109274947	G	C	87	50460	55523	0.01	0.81988	SORT1
1	109274947	G	T	39	14550	17634	-0.08	0.26101	SORT1
1	109274948	C	A	88	43099	39836	-0.25	0	SORT1
1	109274948	C	G	137	98289	84609	-0.33	0	SORT1
1	109274948	C	T	861	423993	521969	0.08	0	SORT1
1	109274949	T	A	150	79248	68548	-0.31	0	SORT1
1	109274949	T	C	292	103991	103850	-0.28	0	SORT1
1	109274949	T	G	15	13886	13884	-0.43	0.00012	SORT1
1	109274950	G	-	105	30667	25333	-0.2	0	SORT1
1	109274950	G	A	133	59966	46895	-0.43	0	SORT1
1	109274950	G	C	20	3998	1572	-0.14	0.15133	SORT1
1	109274950	G	T	33	15453	15185	-0.11	0.15107	SORT1
1	109274951	G	A	454	160261	230254	0.31	0	SORT1
1	109274951	G	C	45	15490	12532	-0.42	0	SORT1
1	109274951	G	T	39	23865	16890	-0.32	1e-05	SORT1
1	109274952	C	A	51	14707	12930	-0.47	0	SORT1
1	109274952	C	G	48	17582	17717	-0.19	0.0018	SORT1
1	109274952	C	T	442	187647	156412	-0.5	0	SORT1
1	109274953	T	A	111	53522	51786	-0.29	0	SORT1
1	109274953	T	C	280	87108	98368	0	0.84942	SORT1
1	109274953	T	G	12	1953	2035	0.12	0.33236	SORT1
1	109274954	C	A	95	45038	48846	-0.11	0.01726	SORT1
1	109274954	C	G	9	5324	4989	-0.08	0.58039	SORT1
1	109274954	C	T	284	124573	99611	-0.4	0	SORT1
1	109274955	G	-	9	3048	3231	0.38	0.00898	SORT1
1	109274955	G	A	193	74341	95055	0.21	0	SORT1
1	109274955	G	C	33	9083	12635	0.48	0	SORT1
1	109274955	G	T	108	50369	52606	-0.11	0.00734	SORT1
1	109274956	G	A	518	242312	220208	-0.26	0	SORT1
1	109274956	G	C	44	15372	17952	0	0.94153	SORT1
1	109274956	G	T	72	37692	40619	-0.12	0.025	SORT1
1	109274957	C	A	45	13811	12110	-0.26	5e-05	SORT1
1	109274957	C	G	78	35666	27017	-0.48	0	SORT1
1	109274957	C	T	418	202541	204145	-0.13	0	SORT1
1	109274958	T	A	126	64087	65597	0.1	0.01032	SORT1
1	109274958	T	C	303	125820	120820	-0.02	0.35293	SORT1
1	109274958	T	G	26	10560	12645	0.08	0.36429	SORT1
1	109274959	G	A	423	156529	151233	-0.31	0	SORT1
1	109274959	G	C	54	16015	20089	-0.14	0.01444	SORT1
1	109274959	G	T	12	10090	6268	-0.18	0.15722	SORT1
1	109274960	C	-	90	30376	37761	0.22	0	SORT1
1	109274960	C	A	69	31979	50818	0.39	0	SORT1
1	109274960	C	G	30	21702	15562	-0.12	0.1265	SORT1
1	109274960	C	T	334	163933	150636	-0.15	0	SORT1
1	109274961	C	A	45	16754	23204	0.2	0.00201	SORT1
1	109274961	C	G	3	843	816	-0.14	0.58228	SORT1
1	109274961	C	T	138	96003	105867	0.15	4e-05	SORT1
1	109274962	C	A	153	67287	66130	-0.24	0	SORT1
1	109274962	C	G	27	13858	17288	-0.03	0.73604	SORT1
1	109274962	C	T	207	95287	87646	-0.14	0	SORT1
1	109274963	T	A	135	52985	65027	0.03	0.36885	SORT1
1	109274963	T	C	319	141180	158535	0	0.95685	SORT1
1	109274963	T	G	36	12600	27274	1.19	0	SORT1
1	109274964	G	A	141	48849	45663	-0.12	0.00119	SORT1
1	109274964	G	C	15	4563	3384	-0.53	0	SORT1
1	109274964	G	T	27	10208	11095	-0.07	0.43841	SORT1
1	109274965	A	C	27	12513	13961	0.1	0.23208	SORT1
1	109274965	A	G	315	136020	130606	-0.16	0	SORT1
1	109274965	A	T	153	63538	99768	0.14	7e-05	SORT1
1	109274966	G	-	3	382	209	-0.14	0.5958	SORT1
1	109274966	G	A	195	75975	67079	-0.09	0.00405	SORT1
1	109274966	G	C	81	27334	25805	-0.11	0.0256	SORT1
1	109274966	G	T	249	110102	113963	-0.03	0.27863	SORT1
1	109274967	G	A	309	123435	153736	0.15	0	SORT1
1	109274967	G	C	54	20464	16649	-0.39	0	SORT1
1	109274967	G	T	54	14977	8755	-0.78	0	SORT1
1	109274968	G	-	25	3938	651	-2.21	0	SORT1
1	109274968	G	A	102	44996	5512	-3.17	0	SORT1
1	109274968	G	C	296	93125	18312	-2.3	0	SORT1
1	109274968	G	T	9	4623	704	-2.92	0	SORT1
1	109274969	T	A	162	62479	13841	-2.51	0	SORT1
1	109274969	T	C	275	114833	38632	-1.84	0	SORT1
1	109274969	T	G	20	8466	2070	-2.09	0	SORT1
1	109274970	G	A	410	166861	153652	-0.35	0	SORT1
1	109274970	G	C	94	30154	3941	-2.93	0	SORT1
1	109274970	G	T	21	8158	3874	-1.12	0	SORT1
1	109274971	C	A	113	44076	32261	-0.66	0	SORT1
1	109274971	C	G	63	32550	11475	-1.72	0	SORT1
1	109274971	C	T	425	248898	72264	-1.7	0	SORT1
1	109274972	T	A	105	42035	57676	0.29	0	SORT1
1	109274972	T	C	327	115412	93680	-0.53	0	SORT1
1	109274972	T	G	18	8225	7461	0.1	0.32467	SORT1
1	109274973	C	-	3	895	344	-1.75	0	SORT1
1	109274973	C	A	51	15821	8328	-1.32	0	SORT1
1	109274973	C	G	18	8752	2096	-1.93	0	SORT1
1	109274973	C	T	290	145200	107047	-0.59	0	SORT1
1	109274974	A	-	17	3343	909	-1.34	0	SORT1
1	109274974	A	C	42	16590	11336	-1.91	0	SORT1
1	109274974	A	G	282	106955	28774	-2.01	0	SORT1
1	109274974	A	T	174	72351	17425	-2.26	0	SORT1
1	109274975	A	C	18	8920	2688	-2.3	0	SORT1
1	109274975	A	G	250	123403	25454	-2.18	0	SORT1
1	109274975	A	T	90	42871	12606	-1.92	0	SORT1
1	109274976	T	A	138	50167	52477	-0.19	0	SORT1
1	109274976	T	C	263	84993	68598	-0.53	0	SORT1
1	109274976	T	G	18	2977	681	-1.77	0	SORT1
1	109274977	C	-	3	1219	1473	0.13	0.59591	SORT1
1	109274977	C	A	60	24550	31261	-0.02	0.73405	SORT1
1	109274977	C	G	108	63583	34837	-0.82	0	SORT1
1	109274977	C	T	289	140710	84714	-0.89	0	SORT1
1	109274978	A	-	15	6199	6363	0.17	0.13529	SORT1
1	109274978	A	C	18	9271	7129	-0.15	0.15099	SORT1
1	109274978	A	G	412	169708	200652	0.07	0.00227	SORT1
1	109274978	A	T	210	78672	76702	-0.28	0	SORT1
1	109274979	A	C	21	6618	9320	-0.04	0.69548	SORT1
1	109274979	A	G	363	174257	193968	0.04	0.06318	SORT1
1	109274979	A	T	105	46623	50132	0.09	0.02625	SORT1
1	109274980	G	A	449	173502	188115	0.05	0.0235	SORT1
1	109274980	G	C	54	22368	33392	0.31	0	SORT1
1	109274980	G	T	108	46784	59950	0.22	0	SORT1
1	109274981	C	A	51	28102	19599	-0.42	0	SORT1
1	109274981	C	G	111	51108	78025	0.45	0	SORT1
1	109274981	C	T	497	254727	286647	-0.01	0.67997	SORT1
1	109274982	A	C	43	15590	14687	-0.27	5e-05	SORT1
1	109274982	A	G	272	123749	136226	0.11	3e-05	SORT1
1	109274982	A	T	163	73461	137390	1	0	SORT1
1	109274983	C	A	18	5881	14854	0.6	0	SORT1
1	109274983	C	G	51	32211	30344	-0.06	0.3033	SORT1
1	109274983	C	T	491	221746	241128	-0.07	0.00018	SORT1
1	109274984	A	C	27	13913	13344	-0.04	0.60654	SORT1
1	109274984	A	G	369	178264	350301	0.82	0	SORT1
1	109274984	A	T	141	54766	56384	-0.16	1e-05	SORT1
1	109274985	G	-	9	2027	2651	0.13	0.35527	SORT1
1	109274985	G	A	196	92392	99850	0.14	1e-05	SORT1
1	109274985	G	C	66	20086	31526	0.37	0	SORT1
1	109274985	G	T	197	66276	83778	0.36	0	SORT1
1	109274986	G	A	302	119092	77833	-0.74	0	SORT1
1	109274986	G	C	102	46868	126679	1.16	0	SORT1
1	109274986	G	T	39	13513	19881	-0.02	0.74488	SORT1
1	109274987	T	-	20	6033	5957	-0.12	0.21317	SORT1
1	109274987	T	A	117	45512	41159	-0.04	0.32692	SORT1
1	109274987	T	C	426	168073	164954	-0.21	0	SORT1
1	109274987	T	G	39	24602	50388	0.99	0	SORT1
1	109274988	T	A	104	45382	34809	-0.74	0	SORT1
1	109274988	T	C	367	199796	173999	-0.23	0	SORT1
1	109274988	T	G	18	4787	1747	-1.42	0	SORT1
1	109274989	T	A	172	50970	51088	-0.03	0.32868	SORT1
1	109274989	T	C	395	143252	231267	0.49	0	SORT1
1	109274989	T	G	15	4916	5015	-0.11	0.3016	SORT1
1	109274990	C	A	33	8566	30847	1.77	0	SORT1
1	109274990	C	G	6	4521	8473	0.64	0.00027	SORT1
1	109274990	C	T	155	63301	56633	-0.34	0	SORT1
1	109274991	A	-	12	5346	6967	0.09	0.47733	SORT1
1	109274991	A	C	27	6057	10799	0.2	0.01744	SORT1
1	109274991	A	G	398	178145	163700	-0.33	0	SORT1
1	109274991	A	T	183	92025	89561	-0.07	0.03709	SORT1
1	109274992	A	C	27	10965	12955	0.07	0.39839	SORT1
1	109274992	A	G	406	247442	262154	-0.11	0	SORT1
1	109274992	A	T	158	75497	87398	0.12	0.00049	SORT1
1	109274993	G	A	275	140404	88158	-0.79	0	SORT1
1	109274993	G	C	73	19648	23186	-0.06	0.25745	SORT1
1	109274993	G	T	85	32911	30335	-0.64	0	SORT1
1	109274994	T	A	133	69263	52083	-0.44	0	SORT1
1	109274994	T	C	247	96101	91022	-0.11	7e-05	SORT1
1	109274994	T	G	45	16981	39942	1.25	0	SORT1
1	109274995	C	A	93	43103	40601	-0.24	0	SORT1
1	109274995	C	G	89	42317	30028	-0.59	0	SORT1
1	109274995	C	T	244	108838	98845	-0.45	0	SORT1
1	109274996	T	A	242	109973	115488	-0.1	0.00059	SORT1
1	109274996	T	C	265	105338	271728	1.21	0	SORT1
1	109274996	T	G	33	13057	3362	-2.08	0	SORT1
1	109274997	G	-	96	26329	36630	0.35	0	SORT1
1	109274997	G	A	201	72554	91220	0.34	0	SORT1
1	109274997	G	C	15	3643	5306	0.22	0.04922	SORT1
1	109274997	G	T	27	19041	31934	-0.36	2e-05	SORT1
1	109274998	G	A	209	81402	94052	0.26	0	SORT1
1	109274998	G	C	17	5985	9382	0.49	0	SORT1
1	109274998	G	T	99	42537	74971	0.49	0	SORT1
1	109274999	G	A	186	73636	83840	0.17	0	SORT1
1	109274999	G	C	34	6524	9097	0.36	0	SORT1
1	109274999	G	T	27	19990	35714	0.24	0.00391	SORT1
1	109275000	T	-	3	368	695	0.59	0.01964	SORT1
1	109275000	T	A	105	51750	56342	0.07	0.09332	SORT1
1	109275000	T	C	318	122845	172048	0.29	0	SORT1
1	109275000	T	G	6	2986	743	-0.68	0.00012	SORT1
1	109275001	T	A	81	26797	35166	-0.05	0.26889	SORT1
1	109275001	T	C	261	98530	106880	0.07	0.01003	SORT1
1	109275001	T	G	18	14361	14253	-0.13	0.21757	SORT1
1	109275002	C	A	132	67718	79508	0.04	0.29818	SORT1
1	109275002	C	G	21	9397	13372	0.07	0.4871	SORT1
1	109275002	C	T	189	80640	71205	0.04	0.22724	SORT1
1	109275003	T	A	195	90671	142986	0.71	0	SORT1
1	109275003	T	C	268	106655	286972	1.41	0	SORT1
1	109275003	T	G	39	20969	19805	-0.07	0.31555	SORT1
1	109275004	G	-	99	23376	40164	0.45	0	SORT1
1	109275004	G	A	303	93678	96729	-0.17	0	SORT1
1	109275004	G	C	57	16247	22207	0.14	0.01275	SORT1
1	109275004	G	T	96	34983	58824	0.34	0	SORT1
1	109275005	G	A	345	131252	187652	0.47	0	SORT1
1	109275005	G	C	64	25059	23312	0.19	0.00036	SORT1
1	109275005	G	T	21	29583	51814	0.45	0	SORT1
1	109275006	T	A	197	127149	266242	1.04	0	SORT1
1	109275006	T	C	330	146457	219789	0.39	0	SORT1
1	109275006	T	G	55	57258	24541	-1.17	0	SORT1
1	109275007	G	A	314	119680	127984	0.02	0.42698	SORT1
1	109275007	G	C	116	40406	27392	-0.58	0	SORT1
1	109275007	G	T	9	5848	8091	0.08	0.56348	SORT1
1	109275008	T	A	157	67229	67072	-0.02	0.63125	SORT1
1	109275008	T	C	306	124487	61989	-0.89	0	SORT1
1	109275008	T	G	72	36970	34934	-0.1	0.04959	SORT1
1	109275009	C	-	127	32789	49737	0.24	0	SORT1
1	109275009	C	A	39	11367	18905	0.58	0	SORT1
1	109275009	C	G	31	31620	31421	0.01	0.85532	SORT1
1	109275009	C	T	199	79812	80658	0.09	0.00353	SORT1
1	109275010	C	A	43	20189	24784	0.17	0.00955	SORT1
1	109275010	C	G	42	17400	29816	0.42	0	SORT1
1	109275010	C	T	201	79219	104284	0.02	0.4978	SORT1
1	109275011	A	C	36	13917	7357	-0.91	0	SORT1
1	109275011	A	G	288	137430	147694	-0.01	0.66829	SORT1
1	109275011	A	T	186	86093	101280	-0.07	0.03817	SORT1
1	109275012	C	A	75	41235	34876	-0.21	4e-05	SORT1
1	109275012	C	G	211	86921	117470	0.22	0	SORT1
1	109275012	C	T	501	321386	289135	-0.01	0.61324	SORT1
1	109275013	T	-	3	193	231	0.12	0.67712	SORT1
1	109275013	T	A	227	107856	107095	-0.11	9e-05	SORT1
1	109275013	T	C	144	63387	63066	0.09	0.0201	SORT1
1	109275013	T	G	33	14335	13507	-0.4	0	SORT1
1	109275014	C	A	48	23190	23954	0.11	0.0783	SORT1
1	109275014	C	G	53	29017	26468	-0.05	0.45208	SORT1
1	109275014	C	T	357	152761	168474	0.08	0.00032	SORT1
1	109275015	A	C	66	24076	25455	-0.34	0	SORT1
1	109275015	A	G	310	136256	116542	-0.39	0	SORT1
1	109275015	A	T	114	42664	51430	-0.19	0	SORT1
1	109275016	C	-	93	23465	27717	0.16	0.00028	SORT1
1	109275016	C	A	30	16172	19093	0.02	0.78742	SORT1
1	109275016	C	G	105	43210	45627	0.04	0.38	SORT1
1	109275016	C	T	489	220546	336499	0.39	0	SORT1
1	109275017	C	A	219	99718	79672	-0.38	0	SORT1
1	109275017	C	G	147	81679	73598	-0.65	0	SORT1
1	109275017	C	T	508	232564	239818	-0.08	6e-05	SORT1
1	109275018	C	A	63	29291	30705	-0.04	0.44379	SORT1
1	109275018	C	G	60	34996	34843	0.03	0.56355	SORT1
1	109275018	C	T	338	150483	172069	-0.03	0.20751	SORT1
1	109275019	A	C	22	12006	11872	0.13	0.18807	SORT1
1	109275019	A	G	270	148815	233769	0.54	0	SORT1
1	109275019	A	T	131	50310	58249	-0.04	0.32981	SORT1
1	109275020	C	-	138	34872	18549	-1.02	0	SORT1
1	109275020	C	A	84	45391	19164	-1.24	0	SORT1
1	109275020	C	G	166	96172	43856	-1.22	0	SORT1
1	109275020	C	T	514	226551	100774	-1.34	0	SORT1
1	109275021	C	A	188	134741	79331	-0.8	0	SORT1
1	109275021	C	G	100	36272	14620	-1.26	0	SORT1
1	109275021	C	T	349	156831	151978	-0.47	0	SORT1
1	109275022	C	A	201	121206	65521	-1.14	0	SORT1
1	109275022	C	G	45	18286	5787	-1.64	0	SORT1
1	109275022	C	T	399	198579	63721	-1.51	0	SORT1
1	109275023	C	A	69	36148	37545	-0.43	0	SORT1
1	109275023	C	G	25	27065	5133	-2.3	0	SORT1
1	109275023	C	T	297	150648	68054	-1.35	0	SORT1
1	109275024	A	-	9	5114	6524	-0.13	0.36459	SORT1
1	109275024	A	C	70	27829	27187	-0.03	0.66522	SORT1
1	109275024	A	G	251	121470	129944	-0.18	0	SORT1
1	109275024	A	T	156	75359	119682	0.57	0	SORT1
1	109275025	C	-	815	228157	286422	0.19	0	SORT1
1	109275025	C	A	58	39016	29323	-0.45	0	SORT1
1	109275025	C	G	149	89116	73912	-0.79	0	SORT1
1	109275025	C	T	633	349065	389639	0.16	0	SORT1
1	109275026	C	A	167	116278	39756	-1.81	0	SORT1
1	109275026	C	G	48	21455	6683	-1.6	0	SORT1
1	109275026	C	T	321	162380	43269	-1.99	0	SORT1
1	109275027	C	A	105	46665	21460	-1.58	0	SORT1
1	109275027	C	G	21	7051	4302	-1.18	0	SORT1
1	109275027	C	T	205	118919	62760	-1.04	0	SORT1
1	109275028	C	A	87	29626	22868	-0.59	0	SORT1
1	109275028	C	G	18	7206	4277	-0.77	0	SORT1
1	109275028	C	T	234	106467	68102	-0.9	0	SORT1
1	109275029	C	A	70	31811	18736	-0.55	0	SORT1
1	109275029	C	G	18	12279	8784	-0.55	0	SORT1
1	109275029	C	T	249	114246	72805	-0.75	0	SORT1
1	109275030	C	A	63	38619	43814	0.13	0.01409	SORT1
1	109275030	C	G	18	10840	11601	-0.48	0	SORT1
1	109275030	C	T	222	106013	109567	-0.03	0.35174	SORT1
1	109275031	A	-	287	83376	120761	0.38	0	SORT1
1	109275031	A	C	111	42727	39807	-0.12	0.01904	SORT1
1	109275031	A	G	282	110346	128611	-0.03	0.20342	SORT1
1	109275031	A	T	92	22272	29959	0.14	0.00258	SORT1
1	109275032	A	C	27	11790	18398	0.69	0	SORT1
1	109275032	A	G	360	217453	364168	0.63	0	SORT1
1	109275032	A	T	198	79278	131018	0.5	0	SORT1
1	109275033	A	-	3	1455	3312	0.23	0.34831	SORT1
1	109275033	A	C	67	35369	58447	0.68	0	SORT1
1	109275033	A	G	243	86861	139534	0.76	0	SORT1
1	109275033	A	T	198	77986	92703	0.14	1e-05	SORT1
1	109275034	A	C	15	9926	17601	0.64	0	SORT1
1	109275034	A	G	272	107844	164878	0.55	0	SORT1
1	109275034	A	T	127	48514	66123	0.12	0.0017	SORT1
1	109275035	T	-	15	2053	1626	-0.14	0.22716	SORT1
1	109275035	T	A	206	63600	70957	-0.1	0.0074	SORT1
1	109275035	T	C	273	117822	152205	0.24	0	SORT1
1	109275035	T	G	18	3228	5311	0.58	0	SORT1
1	109275036	C	A	24	8884	9236	-0.17	0.05257	SORT1
1	109275036	C	G	30	5676	6459	0.02	0.81609	SORT1
1	109275036	C	T	173	80378	82554	-0.05	0.14792	SORT1
1	109275037	A	C	27	6531	4343	-1.34	0	SORT1
1	109275037	A	G	319	154853	148142	-0.32	0	SORT1
1	109275037	A	T	208	84275	49124	-0.91	0	SORT1
1	109275038	G	-	12	1135	1207	-0.28	0.07282	SORT1
1	109275038	G	A	214	73063	119707	0.57	0	SORT1
1	109275038	G	C	45	22763	15049	-0.32	0	SORT1
1	109275038	G	T	84	15871	11876	-0.75	0	SORT1
1	109275039	A	C	18	10904	1683	-2.29	0	SORT1
1	109275039	A	G	254	100596	23496	-2.19	0	SORT1
1	109275039	A	T	74	13199	3901	-1.96	0	SORT1
1	109275040	C	A	33	16503	5046	-1.39	0	SORT1
1	109275040	C	G	291	120916	27569	-2.15	0	SORT1
1	109275040	C	T	490	222160	122464	-1	0	SORT1
1	109275041	A	-	39	8722	12044	0.38	0	SORT1
1	109275041	A	C	21	6126	1545	-2.39	0	SORT1
1	109275041	A	G	497	200564	46205	-2.19	0	SORT1
1	109275041	A	T	163	51597	13374	-2.04	0	SORT1
1	109275042	A	C	21	7557	2167	-1.7	0	SORT1
1	109275042	A	G	300	107689	52730	-1.15	0	SORT1
1	109275042	A	T	148	53439	10618	-2.3	0	SORT1
1	109275043	A	C	24	5058	2855	-0.46	0	SORT1
1	109275043	A	G	312	127957	99022	-0.46	0	SORT1
1	109275043	A	T	57	21569	42814	0.69	0	SORT1
1	109275044	T	-	10	2511	1352	-0.17	0.2483	SORT1
1	109275044	T	A	264	108339	227379	0.85	0	SORT1
1	109275044	T	C	273	95536	128628	0.28	0	SORT1
1	109275044	T	G	11	4467	9386	1.1	0	SORT1
1	109275045	G	A	300	137971	155296	-0.04	0.1011	SORT1
1	109275045	G	C	17	6365	1751	-0.79	0	SORT1
1	109275045	G	T	12	2625	731	-1.62	0	SORT1
1	109275046	C	A	24	10739	21165	-0.13	0.14548	SORT1
1	109275046	C	G	99	39069	39297	-0.05	0.26153	SORT1
1	109275046	C	T	576	271031	258681	-0.25	0	SORT1
1	109275047	T	A	78	34218	15178	-0.91	0	SORT1
1	109275047	T	C	276	119629	114390	-0.2	0	SORT1
1	109275047	T	G	15	2797	3063	-0.1	0.38037	SORT1
1	109275048	A	C	9	6561	19115	1.34	0	SORT1
1	109275048	A	G	216	105897	209739	0.98	0	SORT1
1	109275048	A	T	125	66737	172562	1.27	0	SORT1
1	109275049	C	A	60	26009	10151	-1.56	0	SORT1
1	109275049	C	G	174	77583	47152	-0.79	0	SORT1
1	109275049	C	T	260	124074	58876	-1.39	0	SORT1
1	109275050	T	-	45	9704	3017	-1.76	0	SORT1
1	109275050	T	A	143	71621	97336	0.59	0	SORT1
1	109275050	T	C	300	105926	63866	-1.01	0	SORT1
1	109275050	T	G	17	4322	5031	-1.06	0	SORT1
1	109275051	T	A	246	99834	23578	-2.19	0	SORT1
1	109275051	T	C	341	137902	78522	-1.09	0	SORT1
1	109275051	T	G	29	15288	5499	-1.62	0	SORT1
1	109275052	T	A	144	46046	8902	-2.27	0	SORT1
1	109275052	T	C	386	141331	27630	-2.51	0	SORT1
1	109275052	T	G	18	3974	775	-2.53	0	SORT1
1	109275053	G	A	349	86894	30295	-1.79	0	SORT1
1	109275053	G	C	93	28346	7914	-2.09	0	SORT1
1	109275053	G	T	51	15690	13787	-1.01	0	SORT1
1	109275054	T	A	90	27380	8457	-1.74	0	SORT1
1	109275054	T	C	332	167054	41200	-2.09	0	SORT1
1	109275054	T	G	17	10876	2197	-2.1	0	SORT1
1	109275055	C	A	57	21946	14231	-0.78	0	SORT1
1	109275055	C	G	45	19897	13160	-0.31	0	SORT1
1	109275055	C	T	218	87378	117505	0.18	0	SORT1
1	109275056	T	A	93	25422	23616	-0.56	0	SORT1
1	109275056	T	C	235	110977	85415	-0.39	0	SORT1
1	109275056	T	G	9	1516	571	-1.49	0	SORT1
1	109275057	A	-	93	18316	17787	-0.29	0	SORT1
1	109275057	A	C	12	4981	2999	-0.62	0	SORT1
1	109275057	A	G	247	126876	98839	-0.6	0	SORT1
1	109275057	A	T	72	21120	17950	-0.37	0	SORT1
1	109275058	A	C	12	3762	2927	-0.22	0.07542	SORT1
1	109275058	A	G	300	99622	128776	0.11	0	SORT1
1	109275058	A	T	132	51923	44418	-0.06	0.08771	SORT1
1	109275059	C	-	6	1117	726	-0.01	0.94491	SORT1
1	109275059	C	A	21	8147	11915	0.12	0.18975	SORT1
1	109275059	C	G	122	60867	68346	0.12	0.00289	SORT1
1	109275059	C	T	411	204669	182645	-0.27	0	SORT1
1	109275060	C	A	219	68209	61934	-0.21	0	SORT1
1	109275060	C	G	144	45273	51897	0.03	0.37869	SORT1
1	109275060	C	T	322	141361	157345	0.09	0.00015	SORT1
1	109275061	T	A	174	82333	93844	0.03	0.34017	SORT1
1	109275061	T	C	316	152021	196007	0.12	0	SORT1
1	109275061	T	G	26	12470	18923	0.29	0.00063	SORT1
1	109275062	G	A	345	103930	105641	-0.16	0	SORT1
1	109275062	G	C	51	22324	23690	-0.14	0.01668	SORT1
1	109275062	G	T	27	11317	7515	-0.44	0	SORT1
1	109275063	C	A	120	54772	51328	-0.2	0	SORT1
1	109275063	C	G	105	55342	62817	-0.03	0.44912	SORT1
1	109275063	C	T	473	209375	190368	-0.25	0	SORT1
1	109275064	T	A	144	70312	74243	-0.11	0.00201	SORT1
1	109275064	T	C	282	127655	139407	-0.04	0.09796	SORT1
1	109275064	T	G	33	18259	27484	0.1	0.171	SORT1
1	109275065	G	A	407	103464	96323	-0.24	0	SORT1
1	109275065	G	C	42	18623	21620	0.09	0.18941	SORT1
1	109275065	G	T	12	4047	2501	-0.12	0.32325	SORT1
1	109275066	T	A	201	96419	106213	0.06	0.03945	SORT1
1	109275066	T	C	345	133470	152888	0.1	2e-05	SORT1
1	109275066	T	G	33	7925	8315	0.18	0.01816	SORT1
1	109275067	G	-	69	14146	16196	-0.29	0	SORT1
1	109275067	G	A	116	38542	37403	-0.19	0	SORT1
1	109275067	G	T	24	4426	4676	-0.15	0.10385	SORT1
1	109275068	G	A	254	96090	79292	-0.31	0	SORT1
1	109275068	G	C	27	9939	10579	-0.45	0	SORT1
1	109275068	G	T	45	22679	19070	-0.52	0	SORT1
1	109275069	C	A	50	18792	35707	0.93	0	SORT1
1	109275069	C	G	36	16197	14332	-0.27	0.00016	SORT1
1	109275069	C	T	457	194490	188170	-0.23	0	SORT1
1	109275070	C	A	123	39246	51593	-0.04	0.36863	SORT1
1	109275070	C	G	21	5723	3944	-0.41	2e-05	SORT1
1	109275070	C	T	135	51913	41446	-0.45	0	SORT1
1	109275071	T	A	94	32816	33985	-0.1	0.02776	SORT1
1	109275071	T	C	293	110360	81193	-0.58	0	SORT1
1	109275071	T	G	21	9063	8337	0.48	0	SORT1
1	109275072	C	A	108	52663	82942	0.51	0	SORT1
1	109275072	C	G	3	1748	2569	0.29	0.2325	SORT1
1	109275072	C	T	180	61652	83621	0.27	0	SORT1
1	109275073	T	A	160	71900	93004	0.3	0	SORT1
1	109275073	T	C	281	107917	102389	-0.26	0	SORT1
1	109275073	T	G	36	16333	28179	0.15	0.04299	SORT1
1	109275074	G	A	159	47771	29606	-0.98	0	SORT1
1	109275074	G	C	22	11046	24415	0.1	0.27488	SORT1
1	109275074	G	T	33	11742	14504	-0.26	0.00059	SORT1
1	109275075	A	C	45	15000	15201	-0.04	0.5247	SORT1
1	109275075	A	G	357	148162	184152	0.18	0	SORT1
1	109275075	A	T	122	51888	73716	0.16	7e-05	SORT1
1	109275076	G	A	173	63089	69941	0.1	0.0018	SORT1
1	109275076	G	C	30	8693	14663	0.63	0	SORT1
1	109275076	G	T	30	11214	13518	0.25	0.0015	SORT1
1	109275077	A	C	36	12281	22352	0.52	0	SORT1
1	109275077	A	G	387	179005	294729	0.42	0	SORT1
1	109275077	A	T	110	46409	220172	2.4	0	SORT1
1	109275078	C	A	27	11904	12600	-0.06	0.46099	SORT1
1	109275078	C	G	96	35534	38059	-0.04	0.31746	SORT1
1	109275078	C	T	288	104454	132065	-0.09	0.00032	SORT1
1	109275079	A	C	9	4124	4148	-0.05	0.70404	SORT1
1	109275079	A	G	316	138084	130151	-0.37	0	SORT1
1	109275079	A	T	110	31491	29579	-0.15	0.00029	SORT1
1	109275080	T	A	153	57497	65888	0.04	0.26293	SORT1
1	109275080	T	C	264	113276	118228	0.01	0.81676	SORT1
1	109275080	T	G	36	17089	15431	-0.05	0.51596	SORT1
1	109275081	G	A	388	175272	147226	-0.16	0	SORT1
1	109275081	G	C	102	31380	17950	-0.93	0	SORT1
1	109275081	G	T	39	15482	16185	-0.21	0.00208	SORT1
1	109275082	T	A	160	80925	75306	-0.04	0.23883	SORT1
1	109275082	T	C	382	165893	179488	0.01	0.58624	SORT1
1	109275082	T	G	51	20400	16569	-0.09	0.15249	SORT1
1	109275083	T	A	87	37536	40134	-0.09	0.06782	SORT1
1	109275083	T	C	293	100962	113903	0.13	0	SORT1
1	109275083	T	G	18	12818	17550	0.04	0.69114	SORT1
1	109275084	C	A	129	70780	59975	-0.21	0	SORT1
1	109275084	C	G	24	7339	6847	-0.27	0.00208	SORT1
1	109275084	C	T	198	102252	121193	0.17	0	SORT1
1	109275085	T	A	117	32958	64011	0.56	0	SORT1
1	109275085	T	C	144	46456	47587	-0.12	0.00063	SORT1
1	109275085	T	G	15	11825	9491	0.16	0.152	SORT1
1	109275086	A	G	168	67518	75596	-0.07	0.04273	SORT1
1	109275086	A	T	84	35332	40245	0.09	0.05448	SORT1
1	109275087	T	-	250	60007	64152	-0.01	0.65251	SORT1
1	109275087	T	A	127	39219	77508	0.04	0.29627	SORT1
1	109275087	T	C	248	97305	106053	-0.06	0.03759	SORT1
1	109275087	T	G	15	4222	2605	-0.47	2e-05	SORT1
1	109275088	T	A	75	27603	31838	0.09	0.08163	SORT1
1	109275088	T	C	279	115535	116367	-0.1	0.00011	SORT1
1	109275088	T	G	21	12482	7374	-0.9	0	SORT1
1	109275089	T	A	149	71407	69152	-0.04	0.28597	SORT1
1	109275089	T	C	322	136050	94786	-0.72	0	SORT1
1	109275089	T	G	21	9931	22003	-0.29	0.00193	SORT1
1	109275090	T	A	80	46288	42383	-0.31	0	SORT1
1	109275090	T	C	273	128239	63912	-1.06	0	SORT1
1	109275090	T	G	9	2702	717	-0.67	0	SORT1
1	109275091	T	A	131	57485	40606	-0.81	0	SORT1
1	109275091	T	C	249	97998	59971	-0.89	0	SORT1
1	109275091	T	G	12	1945	1033	-0.84	0	SORT1
1	109275092	A	-	9	2426	2009	-0.01	0.94093	SORT1
1	109275092	A	C	3	2656	1454	-1.18	0	SORT1
1	109275092	A	G	164	68354	72051	-0.4	0	SORT1
1	109275092	A	T	113	57808	32653	-1	0	SORT1
1	109275093	A	C	9	979	227	-0.6	4e-05	SORT1
1	109275093	A	G	305	122544	111195	-0.52	0	SORT1
1	109275093	A	T	123	38598	41429	-0.29	0	SORT1
1	109275094	C	-	57	17591	19908	0.04	0.53362	SORT1
1	109275094	C	A	34	14759	15988	-0.41	0	SORT1
1	109275094	C	G	120	69257	48283	-0.58	0	SORT1
1	109275094	C	T	330	171557	154753	-0.28	0	SORT1
1	109275095	C	A	168	93195	38718	-1.4	0	SORT1
1	109275095	C	G	87	43145	21593	-0.88	0	SORT1
1	109275095	C	T	279	115632	123604	-0.36	0	SORT1
1	109275096	C	A	99	38515	30395	-0.36	0	SORT1
1	109275096	C	G	39	16584	24642	0.02	0.79863	SORT1
1	109275096	C	T	240	90553	103295	-0.01	0.60489	SORT1
1	109275097	C	A	103	44376	50117	-0.06	0.13338	SORT1
1	109275097	C	G	27	7869	13967	0.55	0	SORT1
1	109275097	C	T	141	62698	65214	-0.01	0.80604	SORT1
1	109275098	T	-	24	7084	12500	0.67	0	SORT1
1	109275098	T	A	162	50044	42990	-0.4	0	SORT1
1	109275098	T	C	379	143753	218412	0.58	0	SORT1
1	109275098	T	G	18	3549	3232	-0.51	0	SORT1
1	109275099	T	A	114	45948	73872	0.39	0	SORT1
1	109275099	T	C	306	122163	75535	-0.76	0	SORT1
1	109275099	T	G	12	4444	11665	1.14	0	SORT1
1	109275100	C	A	102	56735	109693	0.75	0	SORT1
1	109275100	C	G	21	8923	16533	0.56	0	SORT1
1	109275100	C	T	150	73547	127503	0.52	0	SORT1
1	109275101	T	-	6	1975	5495	1.51	0	SORT1
1	109275101	T	A	171	66619	126407	0.61	0	SORT1
1	109275101	T	C	351	175654	316172	0.86	0	SORT1
1	109275101	T	G	42	24314	35824	0.56	0	SORT1
1	109275102	T	A	111	40059	36867	-0.14	0.00072	SORT1
1	109275102	T	C	334	135114	359906	1.17	0	SORT1
1	109275102	T	G	24	11652	21648	0.68	0	SORT1
1	109275103	G	-	78	15537	18887	0.26	0	SORT1
1	109275103	G	A	132	51988	57690	0.02	0.57549	SORT1
1	109275103	G	C	21	3080	4401	0.22	0.02366	SORT1
1	109275103	G	T	24	11833	15559	0.65	0	SORT1
1	109275104	G	A	174	52934	48826	-0.19	0	SORT1
1	109275104	G	C	33	6940	17920	1.18	0	SORT1
1	109275104	G	T	84	16142	41738	1.18	0	SORT1
1	109275105	A	-	24	7383	20126	1.25	0	SORT1
1	109275105	A	C	15	3951	3127	0.54	0	SORT1
1	109275105	A	G	326	140001	375489	1.21	0	SORT1
1	109275105	A	T	180	49552	82004	0.61	0	SORT1
1	109275106	A	C	15	7039	9872	0.26	0.02034	SORT1
1	109275106	A	G	381	202136	208556	-0.15	0	SORT1
1	109275106	A	T	147	59443	62496	0.01	0.88417	SORT1
1	109275107	T	-	21	4816	5247	-0.33	0.00044	SORT1
1	109275107	T	A	165	64572	66535	-0.08	0.01471	SORT1
1	109275107	T	C	204	78682	94741	0.09	0.00494	SORT1
1	109275107	T	G	21	10488	10925	-0.2	0.02897	SORT1
1	109275108	T	A	205	92892	97962	0	0.87491	SORT1
1	109275108	T	C	233	92842	108731	0.01	0.68823	SORT1
1	109275108	T	G	15	5429	3961	-0.44	8e-05	SORT1
1	109275109	G	-	6	2140	1410	0.05	0.76956	SORT1
1	109275109	G	A	183	86145	105625	-0.1	0.00141	SORT1
1	109275109	G	C	24	10196	4493	-0.31	0.00033	SORT1
1	109275109	G	T	78	25054	15799	0.14	0.0046	SORT1
1	109275110	G	A	503	202925	212490	-0.07	0.00028	SORT1
1	109275110	G	C	45	17235	15842	-0.35	0	SORT1
1	109275110	G	T	57	17476	14508	-0.44	0	SORT1
1	109275111	C	A	54	25704	20068	-0.26	1e-05	SORT1
1	109275111	C	G	87	33408	29039	-0.23	0	SORT1
1	109275111	C	T	361	148341	142007	-0.16	0	SORT1
1	109275112	T	A	102	44915	39672	-0.08	0.05775	SORT1
1	109275112	T	C	347	127714	123390	-0.12	0	SORT1
1	109275112	T	G	18	5442	5812	-0.07	0.51187	SORT1
1	109275113	C	A	78	35322	36484	-0.22	1e-05	SORT1
1	109275113	C	G	21	7437	9905	0	0.96894	SORT1
1	109275113	C	T	165	73105	75939	-0.14	4e-05	SORT1
1	109275114	T	A	135	76440	73513	0.02	0.51664	SORT1
1	109275114	T	C	235	107445	114322	-0.15	0	SORT1
1	109275114	T	G	12	5388	6067	0.05	0.71123	SORT1
1	109275115	C	A	40	17759	19081	-0.1	0.14172	SORT1
1	109275115	C	G	21	11854	11846	0.02	0.8282	SORT1
1	109275115	C	T	165	74612	76962	-0.25	0	SORT1
1	109275116	T	-	3	76	28	-2.04	0	SORT1
1	109275116	T	A	157	56714	87584	0.33	0	SORT1
1	109275116	T	C	338	106194	134207	0.33	0	SORT1
1	109275116	T	G	24	14536	12405	-0.3	7e-04	SORT1
1	109275117	T	A	117	49790	121135	1.01	0	SORT1
1	109275117	T	C	291	116830	102649	-0.39	0	SORT1
1	109275117	T	G	27	14815	25454	0.38	0	SORT1
1	109275118	C	A	80	48453	46639	-0.07	0.16788	SORT1
1	109275118	C	G	12	2308	6110	0.62	0	SORT1
1	109275118	C	T	153	64981	72055	0.06	0.0894	SORT1
1	109275119	T	A	138	57502	76237	0.4	0	SORT1
1	109275119	T	C	294	124319	88714	-0.57	0	SORT1
1	109275119	T	G	21	4990	5706	-0.11	0.25834	SORT1
1	109275120	T	A	142	64464	58869	-0.09	0.00886	SORT1
1	109275120	T	C	430	151737	119526	-0.49	0	SORT1
1	109275120	T	G	6	5492	10194	-0.6	0.00071	SORT1
1	109275121	C	-	3	975	907	-0.56	0.02263	SORT1
1	109275121	C	A	18	5471	5148	-0.38	0.00018	SORT1
1	109275121	C	G	27	14553	10863	-0.64	0	SORT1
1	109275121	C	T	242	94906	89107	-0.22	0	SORT1
1	109275122	A	-	93	21387	12280	-0.96	0	SORT1
1	109275122	A	C	15	7869	4397	-1.1	0	SORT1
1	109275122	A	G	476	187314	97368	-1.08	0	SORT1
1	109275122	A	T	153	71286	41611	-0.84	0	SORT1
1	109275123	A	C	30	10203	8414	-0.45	0	SORT1
1	109275123	A	G	357	187672	152122	-0.54	0	SORT1
1	109275123	A	T	185	56274	54157	-0.42	0	SORT1
1	109275124	A	C	27	10113	9822	-0.41	0	SORT1
1	109275124	A	G	287	112100	78003	-0.8	0	SORT1
1	109275124	A	T	135	42527	33906	-0.46	0	SORT1
1	109275125	G	-	34	8426	8495	-0.01	0.90298	SORT1
1	109275125	G	A	102	44213	46972	0.06	0.19516	SORT1
1	109275125	G	C	3	517	434	0.43	0.0814	SORT1
1	109275125	G	T	157	49457	51829	-0.18	0	SORT1
1	109275126	G	A	137	64150	73608	0	0.94914	SORT1
1	109275126	G	C	9	2403	3900	0.34	0.0164	SORT1
1	109275126	G	T	39	28635	29257	-0.33	0	SORT1
1	109275127	A	C	24	12658	16169	0.36	5e-05	SORT1
1	109275127	A	G	321	126553	146191	0.3	0	SORT1
1	109275127	A	T	99	31630	29346	-0.23	0	SORT1
1	109275128	C	-	118	26118	42191	0.49	0	SORT1
1	109275128	C	A	36	19166	24834	0.17	0.02194	SORT1
1	109275128	C	G	102	57432	75781	-0.13	0.00172	SORT1
1	109275128	C	T	560	251150	297805	0.11	0	SORT1
1	109275129	C	-	3	110	219	0.69	0.00626	SORT1
1	109275129	C	A	61	35820	63403	0.57	0	SORT1
1	109275129	C	G	49	16389	25110	0.34	0	SORT1
1	109275129	C	T	278	103264	142263	0.37	0	SORT1
1	109275130	A	-	9	3860	8382	0.67	0	SORT1
1	109275130	A	C	27	16372	29478	0.77	0	SORT1
1	109275130	A	G	282	125328	211584	0.5	0	SORT1
1	109275130	A	T	147	54332	74405	-0.04	0.3188	SORT1
1	109275131	G	-	21	7159	9131	0.42	1e-05	SORT1
1	109275131	G	A	183	78826	96594	0.11	0.00043	SORT1
1	109275131	G	C	27	13243	20524	0.23	0.0048	SORT1
1	109275131	G	T	217	91112	104197	0.11	1e-04	SORT1
1	109275132	G	A	287	117573	148460	0.07	0.00446	SORT1
1	109275132	G	C	36	11811	15731	0.25	0.00046	SORT1
1	109275132	G	T	18	12603	14280	0.33	0.0013	SORT1
1	109275133	T	A	138	58487	50853	-0.04	0.247	SORT1
1	109275133	T	C	324	154849	194268	0.16	0	SORT1
1	109275133	T	G	42	26383	25930	0.16	0.01874	SORT1
1	109275134	C	-	15	3396	2786	0.58	0	SORT1
1	109275134	C	A	42	14934	16678	0.12	0.07815	SORT1
1	109275134	C	G	15	9298	9136	0.03	0.77525	SORT1
1	109275134	C	T	177	81663	85815	-0.05	0.11792	SORT1
1	109275135	C	A	147	57959	98606	0.23	0	SORT1
1	109275135	C	G	18	6780	8728	0.08	0.42841	SORT1
1	109275135	C	T	207	80318	72367	-0.1	7e-04	SORT1
1	109275136	T	A	149	65723	103364	0.25	0	SORT1
1	109275136	T	C	341	144935	176774	0.14	0	SORT1
1	109275136	T	G	21	13696	20049	0.66	0	SORT1
1	109275137	G	A	382	157696	167948	-0.03	0.1688	SORT1
1	109275137	G	C	102	33134	49123	0.18	2e-05	SORT1
1	109275137	G	T	30	7963	11110	0.02	0.83813	SORT1
1	109275138	T	-	6	1534	2270	0.54	0.00199	SORT1
1	109275138	T	A	126	76922	79593	-0.14	0.00047	SORT1
1	109275138	T	C	396	171827	171685	-0.08	0.00056	SORT1
1	109275138	T	G	27	10563	12838	-0.22	0.00775	SORT1
1	109275139	T	A	69	23649	24174	-0.09	0.07652	SORT1
1	109275139	T	C	316	139788	175779	0.1	4e-05	SORT1
1	109275139	T	G	3	974	615	0.48	0.05022	SORT1
1	109275140	C	-	6	2214	3172	0.24	0.16262	SORT1
1	109275140	C	A	42	18774	26402	0.34	0	SORT1
1	109275140	C	G	27	9030	12657	0.33	9e-05	SORT1
1	109275140	C	T	146	42528	60098	0.25	0	SORT1
1	109275141	C	A	123	46793	63422	0.06	0.1005	SORT1
1	109275141	C	G	24	9376	11282	0.12	0.17701	SORT1
1	109275141	C	T	176	75345	68891	-0.3	0	SORT1
1	109275142	T	A	61	22577	26131	0.02	0.74374	SORT1
1	109275142	T	C	335	123804	128460	-0.03	0.20041	SORT1
1	109275142	T	G	6	1687	3622	0.75	2e-05	SORT1
1	109275143	C	A	117	56259	65929	0.03	0.38109	SORT1
1	109275143	C	G	8	3214	3410	-0.39	0.01076	SORT1
1	109275143	C	T	222	132871	153920	-0.14	0	SORT1
1	109275144	T	-	12	2321	3287	0.24	0.04973	SORT1
1	109275144	T	A	96	34992	35101	-0.18	6e-05	SORT1
1	109275144	T	C	450	191849	162923	-0.38	0	SORT1
1	109275144	T	G	36	20095	22461	-0.26	0.00024	SORT1
1	109275145	T	A	111	45747	51238	0.02	0.54449	SORT1
1	109275145	T	C	373	140947	182416	0.15	0	SORT1
1	109275145	T	G	24	10835	10230	-0.16	0.071	SORT1
1	109275146	T	A	108	62014	56394	-0.07	0.08797	SORT1
1	109275146	T	C	344	135372	155137	0.12	0	SORT1
1	109275146	T	G	21	7688	5988	-0.21	0.02867	SORT1
1	109275147	C	A	36	23424	36510	0	0.98485	SORT1
1	109275147	C	G	21	5228	6909	0.44	0	SORT1
1	109275147	C	T	138	72173	81353	0.1	0.00824	SORT1
1	109275148	T	A	141	92592	106213	0.16	2e-05	SORT1
1	109275148	T	C	342	135453	176050	0.03	0.21972	SORT1
1	109275148	T	G	9	5798	4248	0.09	0.51945	SORT1
1	109275149	C	-	388	108631	137663	0.13	0	SORT1
1	109275149	C	A	54	23379	33060	0.14	0.01595	SORT1
1	109275149	C	G	18	5770	8272	0.24	0.01993	SORT1
1	109275149	C	T	222	83984	72856	-0.12	7e-05	SORT1
1	109275150	C	A	165	78446	90415	0.13	7e-05	SORT1
1	109275150	C	G	78	48836	42698	0.05	0.35477	SORT1
1	109275150	C	T	328	145978	173655	0.04	0.07848	SORT1
1	109275151	C	A	127	75613	90633	-0.1	0.00778	SORT1
1	109275151	C	G	60	25697	27691	-0.14	0.01543	SORT1
1	109275151	C	T	305	101481	95219	-0.2	0	SORT1
1	109275152	C	A	210	132098	147805	0.13	1e-05	SORT1
1	109275152	C	G	33	22476	23045	-0.35	0	SORT1
1	109275152	C	T	467	225406	270657	0.15	0	SORT1
1	109275153	G	-	3	1785	2027	-0.1	0.67148	SORT1
1	109275153	G	A	241	112596	117179	-0.17	0	SORT1
1	109275153	G	C	21	5043	7974	0.42	1e-05	SORT1
1	109275153	G	T	99	38728	34169	-0.21	0	SORT1
1	109275154	A	-	3	955	1883	0.25	0.32379	SORT1
1	109275154	A	C	32	6926	12942	0.24	0.00201	SORT1
1	109275154	A	G	276	108625	131632	0.08	0.00209	SORT1
1	109275154	A	T	159	46719	47292	-0.19	0	SORT1
1	109275155	C	A	42	20613	21877	-0.32	0	SORT1
1	109275155	C	G	189	102734	90701	-0.16	0	SORT1
1	109275155	C	T	272	132844	114845	-0.27	0	SORT1
1	109275156	T	A	171	111412	112280	-0.2	0	SORT1
1	109275156	T	C	361	117381	106116	-0.32	0	SORT1
1	109275156	T	G	9	2365	2839	-0.38	0.00873	SORT1
1	109275157	C	-	119	30457	34741	-0.22	0	SORT1
1	109275157	C	A	43	23333	24301	-0.26	9e-05	SORT1
1	109275157	C	G	12	5628	5856	-0.42	0.00074	SORT1
1	109275157	C	T	212	92177	67372	-0.45	0	SORT1
1	109275158	C	A	40	16492	14907	-0.36	0	SORT1
1	109275158	C	G	45	20600	15513	-0.23	0.00028	SORT1
1	109275158	C	T	209	81152	80624	-0.27	0	SORT1
1	109275159	A	C	27	6594	4723	-0.14	0.09636	SORT1
1	109275159	A	G	310	119239	158296	0.27	0	SORT1
1	109275159	A	T	101	48782	43018	0.03	0.53295	SORT1
1	109275160	C	-	314	90388	118131	0.32	0	SORT1
1	109275160	C	A	66	34761	28189	-0.23	2e-05	SORT1
1	109275160	C	G	132	66106	56513	-0.16	2e-05	SORT1
1	109275160	C	T	516	244635	193207	-0.51	0	SORT1
1	109275161	C	A	224	107366	96025	-0.28	0	SORT1
1	109275161	C	G	111	70305	52342	-0.2	0	SORT1
1	109275161	C	T	402	227906	220046	-0.25	0	SORT1
1	109275162	C	-	3	254	621	0.13	0.62442	SORT1
1	109275162	C	A	112	68332	60163	-0.22	0	SORT1
1	109275162	C	G	81	54463	47090	-0.17	0.00058	SORT1
1	109275162	C	T	373	170428	163660	-0.27	0	SORT1
1	109275163	C	A	45	20085	20804	-0.25	0.00016	SORT1
1	109275163	C	G	40	16607	18936	-0.17	0.01202	SORT1
1	109275163	C	T	279	118080	106318	-0.12	1e-05	SORT1
1	109275164	A	C	45	10524	14392	0.48	0	SORT1
1	109275164	A	G	254	102892	146631	0.22	0	SORT1
1	109275164	A	T	129	34967	46831	0.18	0	SORT1
1	109275165	G	A	385	151560	178784	-0.09	9e-05	SORT1
1	109275165	G	C	51	19128	23004	0.05	0.4199	SORT1
1	109275165	G	T	77	27054	30100	-0.02	0.61588	SORT1
1	109275166	C	A	54	24188	29054	0	0.9635	SORT1
1	109275166	C	G	86	44575	45232	-0.14	0.00242	SORT1
1	109275166	C	T	298	148542	151208	0.08	0.00202	SORT1
1	109275167	T	A	48	21954	21433	0.02	0.80349	SORT1
1	109275167	T	C	330	120060	108511	-0.12	0	SORT1
1	109275167	T	G	6	884	644	-0.17	0.3244	SORT1
1	109275168	C	-	39	12442	15014	-0.01	0.91996	SORT1
1	109275168	C	A	39	26741	20423	-0.64	0	SORT1
1	109275168	C	G	21	12538	18813	0.1	0.30331	SORT1
1	109275168	C	T	102	56288	125133	1.01	0	SORT1
1	109275169	C	A	108	63348	57637	-0.05	0.24583	SORT1
1	109275169	C	G	12	5072	5356	0.25	0.05278	SORT1
1	109275169	C	T	147	53214	60176	0.08	0.01872	SORT1
1	109275170	C	A	201	121426	122662	-0.17	0	SORT1
1	109275170	C	G	48	31087	18482	-0.38	0	SORT1
1	109275170	C	T	206	122396	90939	-0.35	0	SORT1
1	109275171	T	A	199	93242	88669	0	0.9942	SORT1
1	109275171	T	C	307	144532	156818	-0.08	0.00167	SORT1
1	109275171	T	G	27	18921	20405	-0.16	0.05179	SORT1
1	109275172	G	A	355	151636	157808	-0.08	0.00028	SORT1
1	109275172	G	C	81	31180	39393	0.16	0.00111	SORT1
1	109275172	G	T	21	9377	28086	1.32	0	SORT1
1	109275173	T	A	177	71558	68444	-0.15	0	SORT1
1	109275173	T	C	334	135658	124531	-0.09	0.00032	SORT1
1	109275173	T	G	42	14679	13721	0.04	0.50454	SORT1
1	109275174	G	A	157	58928	62199	0	0.89002	SORT1
1	109275174	G	C	12	4538	6206	-0.11	0.38322	SORT1
1	109275174	G	T	30	12219	14292	0	0.94923	SORT1
1	109275175	A	-	6	2184	1875	-0.29	0.10884	SORT1
1	109275175	A	C	23	7115	8953	-0.16	0.07929	SORT1
1	109275175	A	G	434	235048	267896	0.05	0.01881	SORT1
1	109275175	A	T	135	38234	43215	0.02	0.59985	SORT1
1	109275176	A	C	21	13325	16079	0.24	0.01201	SORT1
1	109275176	A	G	361	188381	178748	-0.17	0	SORT1
1	109275176	A	T	168	72183	84546	-0.04	0.18878	SORT1
1	109275177	G	A	103	35866	37755	-0.1	0.01741	SORT1
1	109275177	G	C	9	1426	986	-0.33	0.02538	SORT1
1	109275177	G	T	90	38106	35804	-0.08	0.07705	SORT1
1	109275178	A	C	18	3419	2339	0.04	0.69401	SORT1
1	109275178	A	G	265	95586	114124	0.05	0.05099	SORT1
1	109275178	A	T	129	59482	66760	-0.09	0.02343	SORT1
1	109275179	G	A	94	25056	30122	-0.18	8e-05	SORT1
1	109275179	G	C	7	4963	3912	-0.4	0.01313	SORT1
1	109275179	G	T	51	18414	19749	0.06	0.31516	SORT1
1	109275180	A	C	12	12665	11445	-0.7	0	SORT1
1	109275180	A	G	389	148359	143161	-0.08	0.00021	SORT1
1	109275180	A	T	108	37216	93220	0.98	0	SORT1
1	109275181	G	A	53	7594	7823	0.03	0.56243	SORT1
1	109275181	G	C	3	1315	1527	0.25	0.30608	SORT1
1	109275181	G	T	69	17367	14766	-0.24	0	SORT1
1	109275182	A	C	3	910	889	-0.25	0.31626	SORT1
1	109275182	A	G	337	166211	173947	-0.2	0	SORT1
1	109275182	A	T	105	38196	23703	-0.42	0	SORT1
1	109275183	G	A	87	47682	38514	-0.4	0	SORT1
1	109275183	G	C	6	1495	1886	-0.03	0.86797	SORT1
1	109275183	G	T	9	6446	4015	-0.17	0.241	SORT1
1	109275184	T	-	12	2953	2452	0.13	0.31093	SORT1
1	109275184	T	A	86	34243	31774	-0.2	1e-05	SORT1
1	109275184	T	C	205	85974	102371	-0.07	0.01418	SORT1
1	109275184	T	G	24	13218	15585	0.52	0	SORT1
1	109275185	T	A	60	23333	24983	0.12	0.03177	SORT1
1	109275185	T	C	139	42181	44311	0.02	0.52217	SORT1
1	109275185	T	G	3	2113	2528	0.41	0.1029	SORT1
1	109275186	A	-	18	3128	4265	0.02	0.84991	SORT1
1	109275186	A	G	187	74821	85709	-0.1	0.00118	SORT1
1	109275186	A	T	69	35130	35897	-0.28	0	SORT1
1	109275187	A	C	15	5290	8511	0.25	0.02452	SORT1
1	109275187	A	G	219	87061	99966	0.11	0.00019	SORT1
1	109275187	A	T	102	43501	49764	-0.34	0	SORT1
1	109275188	T	A	69	34649	50085	0.32	0	SORT1
1	109275188	T	C	126	32757	38643	0.09	0.02024	SORT1
1	109275188	T	G	9	6177	3904	-0.77	0	SORT1
1	109275189	A	C	9	4407	6513	0.31	0.03179	SORT1
1	109275189	A	G	157	50168	59966	0.06	0.06282	SORT1
1	109275189	A	T	39	8928	6797	-0.28	5e-05	SORT1
1	109275190	T	A	62	21953	16646	-0.5	0	SORT1
1	109275190	T	C	114	42999	45116	-0.12	0.00219	SORT1
1	109275190	T	G	6	2340	1625	-0.14	0.42315	SORT1
1	109275191	A	C	9	787	969	-0.01	0.93468	SORT1
1	109275191	A	G	138	63702	68495	0.01	0.75746	SORT1
1	109275191	A	T	63	20648	25024	-0.28	0	SORT1
1	109275192	T	-	21	3225	3248	-0.43	0	SORT1
1	109275192	T	A	87	29007	23690	-0.46	0	SORT1
1	109275192	T	C	246	86676	76418	-0.25	0	SORT1
1	109275192	T	G	16	11304	9296	-0.52	0	SORT1
1	109275193	T	A	51	20898	20575	-0.22	0.00026	SORT1
1	109275193	T	C	215	86410	78730	-0.12	5e-05	SORT1
1	109275193	T	G	6	1530	1195	-0.16	0.37434	SORT1
1	109275194	T	A	60	23651	23560	-0.16	0.00444	SORT1
1	109275194	T	C	336	119590	105119	-0.27	0	SORT1
1	109275194	T	G	6	6330	6307	-0.15	0.38096	SORT1
1	109275195	G	A	36	23549	23686	-0.16	0.0291	SORT1
1	109275195	G	C	6	669	552	-0.76	1e-05	SORT1
1	109275196	T	-	54	8053	5315	-0.85	0	SORT1
1	109275196	T	A	63	20997	13374	-0.58	0	SORT1
1	109275196	T	C	311	129471	144790	0.12	0	SORT1
1	109275196	T	G	57	29907	23313	-0.36	0	SORT1
1	109275197	T	A	54	24751	19714	-0.41	0	SORT1
1	109275197	T	C	252	95561	101404	-0.18	0	SORT1
1	109275197	T	G	3	2378	2356	0.76	0.00209	SORT1
1	109275198	T	A	72	21185	19453	-0.25	0	SORT1
1	109275198	T	C	221	67002	73249	0.08	0.00975	SORT1
1	109275198	T	G	6	13108	9819	-0.48	0.00639	SORT1
1	109275199	T	A	27	15270	21631	0.16	0.05134	SORT1
1	109275199	T	C	165	67374	77442	0.15	1e-05	SORT1
1	109275199	T	G	9	2137	3008	0.11	0.42631	SORT1
1	109275200	A	C	6	1761	2426	0.46	0.00901	SORT1
1	109275200	A	G	158	50672	56291	-0.07	0.04582	SORT1
1	109275200	A	T	60	19290	27798	0.3	0	SORT1
1	109275201	T	-	33	4104	5081	0.05	0.46799	SORT1
1	109275201	T	A	21	8316	7693	-0.02	0.83701	SORT1
1	109275201	T	C	257	91687	160543	0.52	0	SORT1
1	109275201	T	G	12	4781	13959	0.79	0	SORT1
1	109275202	T	A	51	27707	24857	0.31	0	SORT1
1	109275202	T	C	279	81647	111755	0.47	0	SORT1
1	109275202	T	G	18	8550	9685	0.26	0.01027	SORT1
1	109275203	T	A	45	25032	18983	-0.3	0	SORT1
1	109275203	T	C	121	20256	27542	0.03	0.46404	SORT1
1	109275204	A	C	12	3984	3822	-0.33	0.00706	SORT1
1	109275204	A	G	144	39346	54043	0.23	0	SORT1
1	109275204	A	T	48	22026	18608	-0.2	0.00169	SORT1
1	109275205	T	-	18	1790	1057	-0.67	0	SORT1
1	109275205	T	A	90	43511	28776	-0.41	0	SORT1
1	109275205	T	C	285	105280	101834	-0.44	0	SORT1
1	109275205	T	G	6	1435	1116	-0.09	0.60236	SORT1
1	109275206	T	A	36	10635	7147	-0.43	0	SORT1
1	109275206	T	C	186	36358	26789	-0.26	0	SORT1
1	109275206	T	G	9	4040	4288	-0.35	0.01456	SORT1
1	109275207	T	A	140	56832	50180	-0.3	0	SORT1
1	109275207	T	C	357	104581	83942	-0.49	0	SORT1
1	109275207	T	G	6	5300	5066	-0.47	0.00738	SORT1
1	109275208	G	A	261	85649	99029	-0.04	0.11378	SORT1
1	109275208	G	C	18	6142	5423	-0.27	0.00945	SORT1
1	109275208	G	T	6	1158	1156	-0.27	0.12293	SORT1
1	109275209	C	A	24	14327	12707	-0.27	0.00221	SORT1
1	109275209	C	G	45	22671	17751	-0.37	0	SORT1
1	109275209	C	T	236	106089	96132	-0.32	0	SORT1
1	109275210	T	-	114	18828	24948	0.12	0.00238	SORT1
1	109275210	T	A	63	19696	17267	-0.19	0.00047	SORT1
1	109275210	T	C	321	91749	91710	-0.08	0.00049	SORT1
1	109275210	T	G	24	9704	7491	-0.25	0.00415	SORT1
1	109275211	T	A	159	62652	41020	-0.41	0	SORT1
1	109275211	T	C	327	94280	132607	0.16	0	SORT1
1	109275211	T	G	48	26978	25566	-0.27	2e-05	SORT1
1	109275212	T	A	123	37836	28891	-0.36	0	SORT1
1	109275212	T	C	294	78444	62452	-0.45	0	SORT1
1	109275212	T	G	24	6700	5456	-0.59	0	SORT1
1	109275213	T	A	150	61524	70076	-0.11	0.00289	SORT1
1	109275213	T	C	347	111946	135128	0.06	0.00782	SORT1
1	109275213	T	G	35	13346	15801	0.1	0.18788	SORT1
1	109275214	T	A	113	48804	62585	0.04	0.32366	SORT1
1	109275214	T	C	399	162408	230441	0.17	0	SORT1
1	109275214	T	G	21	9127	13439	0.14	0.13991	SORT1
1	109275215	G	A	346	149393	144706	-0.21	0	SORT1
1	109275215	G	C	57	25161	33507	0.02	0.74179	SORT1
1	109275215	G	T	33	17526	17658	-0.45	0	SORT1
1	109275216	T	A	174	86117	105148	0.13	9e-05	SORT1
1	109275216	T	C	319	124173	126556	0.06	0.01223	SORT1
1	109275216	T	G	42	18710	19573	0.26	1e-04	SORT1
1	109275217	G	A	297	111371	97471	-0.24	0	SORT1
1	109275217	G	C	84	27471	36470	0.15	0.00205	SORT1
1	109275217	G	T	27	14368	16678	-0.44	0	SORT1
1	109275218	T	-	6	915	1082	0.19	0.29852	SORT1
1	109275218	T	A	255	123827	154638	0.12	0	SORT1
1	109275218	T	C	315	126579	141408	0.14	0	SORT1
1	109275218	T	G	75	39616	45963	0.07	0.17249	SORT1
1	109275219	T	A	265	86265	112462	0.03	0.26115	SORT1
1	109275219	T	C	214	69465	72925	0.03	0.39622	SORT1
1	109275219	T	G	63	39010	48876	-0.03	0.55424	SORT1
1	109275220	G	-	45	5210	6175	-0.15	0.02925	SORT1
1	109275220	G	A	212	202756	233210	0.07	0.01329	SORT1
1	109275220	G	C	15	9498	13492	-0.17	0.12427	SORT1
1	109275220	G	T	63	26195	23004	0.04	0.51189	SORT1
1	109275221	G	A	266	116929	126964	-0.02	0.36661	SORT1
1	109275221	G	C	48	17255	15761	-0.09	0.1356	SORT1
1	109275221	G	T	156	43780	39717	-0.3	0	SORT1
1	109275222	G	A	216	153149	194365	0.2	0	SORT1
1	109275222	G	C	39	8950	9121	-0.38	0	SORT1
1	109275222	G	T	48	11975	9764	-0.11	0.08095	SORT1
1	109275223	A	C	9	3026	3948	0.4	0.00656	SORT1
1	109275223	A	G	380	136673	143142	-0.11	0	SORT1
1	109275223	A	T	98	18163	23565	0.08	0.08275	SORT1
1	109275224	T	A	159	63198	66447	0.16	1e-05	SORT1
1	109275224	T	C	194	74319	78411	0.16	0	SORT1
1	109275224	T	G	42	13057	23481	0.63	0	SORT1
1	109275225	G	-	48	6635	6452	-0.05	0.46536	SORT1
1	109275225	G	A	204	73179	93682	0.23	0	SORT1
1	109275225	G	C	12	1209	1443	-0.18	0.13962	SORT1
1	109275225	G	T	19	5302	8914	0.39	8e-05	SORT1
1	109275226	G	A	279	125679	159880	0.08	0.00297	SORT1
1	109275226	G	C	42	13668	10784	-0.42	0	SORT1
1	109275226	G	T	143	50215	68055	-0.07	0.04304	SORT1
1	109275227	G	A	326	134465	173926	-0.06	0.0087	SORT1
1	109275227	G	C	169	59732	58607	0.01	0.80161	SORT1
1	109275227	G	T	63	24723	27916	0.07	0.1904	SORT1
1	109275228	T	-	6	1312	1131	0.14	0.45197	SORT1
1	109275228	T	A	169	73426	86811	0.07	0.02877	SORT1
1	109275228	T	C	385	152314	179338	0.05	0.02436	SORT1
1	109275228	T	G	45	26796	20080	-0.39	0	SORT1
1	109275229	T	A	164	59761	71201	0.23	0	SORT1
1	109275229	T	C	279	94428	120184	-0.03	0.32656	SORT1
1	109275229	T	G	33	16242	16075	0.08	0.30965	SORT1
1	109275230	C	A	118	142677	189755	0.4	0	SORT1
1	109275230	C	G	40	22974	27052	-0.01	0.87828	SORT1
1	109275230	C	T	347	171254	207497	0.05	0.045	SORT1
1	109275231	G	A	640	206941	232264	0.09	0	SORT1
1	109275231	G	C	99	29546	41655	0.25	0	SORT1
1	109275231	G	T	45	10979	8422	-0.09	0.17535	SORT1
1	109275232	T	A	521	197359	192547	-0.1	0	SORT1
1	109275232	T	C	422	186896	192219	-0.04	0.07459	SORT1
1	109275232	T	G	66	31737	38115	0.16	0.00379	SORT1
1	109275233	G	A	396	167576	208451	-0.06	0.01052	SORT1
1	109275233	G	C	79	36219	45246	0.13	0.00914	SORT1
1	109275233	G	T	3	1697	970	0.03	0.90526	SORT1
1	109275234	T	A	127	65216	92739	0.27	0	SORT1
1	109275234	T	C	42	14782	14791	-0.07	0.3059	SORT1
1	109275234	T	G	282	140734	161799	0.12	0	SORT1
1	109275235	C	-	78	14424	17450	0.06	0.24043	SORT1
1	109275235	C	A	48	26195	33373	0.23	0.00027	SORT1
1	109275235	C	G	53	39966	54317	0.31	0	SORT1
1	109275235	C	T	192	116064	132585	0.02	0.46309	SORT1
1	109275236	C	A	44	25494	24778	-0.07	0.29828	SORT1
1	109275236	C	G	57	33808	31028	-0.06	0.32469	SORT1
1	109275236	C	T	163	82277	86600	-0.12	0.00066	SORT1
1	109275237	A	C	12	3162	3868	-0.06	0.62149	SORT1
1	109275237	A	G	87	51358	64025	0.66	0	SORT1
1	109275237	A	T	71	27710	28997	-0.07	0.19324	SORT1
1	109275238	G	A	240	87355	149561	0.63	0	SORT1
1	109275238	G	C	33	12884	8253	-0.01	0.89975	SORT1
1	109275238	G	T	78	36039	37267	0	0.95792	SORT1
1	109275239	T	A	113	45937	50332	0.01	0.71358	SORT1
1	109275239	T	C	42	15819	16827	-0.17	0.01139	SORT1
1	109275239	T	G	39	37828	44101	-0.12	0.09669	SORT1
1	109275240	C	-	399	61473	88323	0.07	0.09168	SORT1
1	109275240	C	A	57	34525	35627	-0.03	0.54801	SORT1
1	109275240	C	G	74	44803	52786	-0.05	0.34886	SORT1
1	109275240	C	T	207	137901	218215	0.53	0	SORT1
1	109275241	C	A	153	108442	284668	1.16	0	SORT1
1	109275241	C	G	15	6391	12811	0.04	0.72021	SORT1
1	109275241	C	T	180	101171	94501	-0.18	0	SORT1
1	109275242	C	A	118	93224	101522	0.03	0.49339	SORT1
1	109275242	C	G	36	25172	25049	0.4	0	SORT1
1	109275242	C	T	194	141738	155633	0.05	0.10481	SORT1
1	109275243	G	-	330	46567	72749	0.3	0	SORT1
1	109275243	G	A	226	75356	93885	0.1	0.00046	SORT1
1	109275243	G	C	27	9587	13653	0.49	0	SORT1
1	109275243	G	T	90	33320	34535	0.12	0.00667	SORT1
1	109275244	G	A	163	69909	102136	0.1	0.00287	SORT1
1	109275244	G	C	15	4220	6916	0.51	1e-05	SORT1
1	109275244	G	T	35	10434	20165	0.71	0	SORT1
1	109275245	G	A	107	45710	70046	0.54	0	SORT1
1	109275245	G	C	3	676	462	0.23	0.35585	SORT1
1	109275245	G	T	30	6328	8631	0.05	0.53337	SORT1
1	109275246	G	A	151	63293	100048	0.49	0	SORT1
1	109275246	G	C	15	5484	7957	0.57	0	SORT1
1	109275246	G	T	21	9313	15361	0.49	0	SORT1
1	109275247	G	A	276	130346	201729	0.38	0	SORT1
1	109275247	G	C	48	13623	22972	0.58	0	SORT1
1	109275247	G	T	24	7083	8480	0.03	0.772	SORT1
1	109275248	T	A	72	17594	30530	0.48	0	SORT1
1	109275248	T	C	30	7948	13991	0.68	0	SORT1
1	109275248	T	G	17	3614	7390	0.24	0.02297	SORT1
1	109275249	C	-	9	3841	5704	0.3	0.03186	SORT1
1	109275249	C	A	60	25442	24870	0.22	9e-05	SORT1
1	109275249	C	G	43	21857	33621	0.29	1e-05	SORT1
1	109275249	C	T	157	49678	79296	0.39	0	SORT1
1	109275250	T	-	30	14716	9930	0.44	0	SORT1
1	109275250	T	A	128	29039	52772	0.57	0	SORT1
1	109275250	T	C	132	43756	49321	0.08	0.02616	SORT1
1	109275250	T	G	61	32446	43164	0.37	0	SORT1
1	109275251	G	-	18	3634	2735	-0.52	0	SORT1
1	109275251	G	C	9	1343	1221	-0.5	0.00057	SORT1
1	109275251	G	T	15	6289	5236	-0.37	0.00075	SORT1
